Title,New Link,Used Link,Edition Format,ISBN
Dungeons & Dragons Core Rulebook: Player's Handbook,https://www.ebay.co.uk/sch/i.html?_from=R40&_nkw=0786965606&_sacat=0&_sop=15&LH_ItemCondition=3&LH_PrefLoc=2&rt=nc&LH_BIN=1,https://www.ebay.co.uk/sch/i.html?_from=R40&_nkw=0786965606&_sacat=0&_sop=15&LH_BIN=1&LH_PrefLoc=1&rt=nc&LH_ItemCondition=4,Hardcover,0786965606
Bigby Presents: Glory of Giants (Dungeons & Dragons Expansion Book),https://www.ebay.co.uk/sch/i.html?_from=R40&_nkw=0786968982&_sacat=0&_sop=15&LH_ItemCondition=3&LH_PrefLoc=2&rt=nc&LH_BIN=1,https://www.ebay.co.uk/sch/i.html?_from=R40&_nkw=0786968982&_sacat=0&_sop=15&LH_BIN=1&LH_PrefLoc=1&rt=nc&LH_ItemCondition=4,Hardcover,0786968982
Minecraft Sticker Adventure: Treasure Hunt: A brand-new official sticker book containing hours of fun for kids,https://www.ebay.co.uk/sch/i.html?_from=R40&_nkw=0755503589&_sacat=0&_sop=15&LH_ItemCondition=3&LH_PrefLoc=2&rt=nc&LH_BIN=1,https://www.ebay.co.uk/sch/i.html?_from=R40&_nkw=0755503589&_sacat=0&_sop=15&LH_BIN=1&LH_PrefLoc=1&rt=nc&LH_ItemCondition=4,Paperback,0755503589
D&D Dungeon Master’s Guide (Dungeons & Dragons Core Rulebook),https://www.ebay.co.uk/sch/i.html?_from=R40&_nkw=0786965622&_sacat=0&_sop=15&LH_ItemCondition=3&LH_PrefLoc=2&rt=nc&LH_BIN=1,https://www.ebay.co.uk/sch/i.html?_from=R40&_nkw=0786965622&_sacat=0&_sop=15&LH_BIN=1&LH_PrefLoc=1&rt=nc&LH_ItemCondition=4,Hardcover,0786965622
"Dungeons & Dragons Core Rulebook: Monster Manual, WTCA92180000, standard",https://www.ebay.co.uk/sch/i.html?_from=R40&_nkw=0786965614&_sacat=0&_sop=15&LH_ItemCondition=3&LH_PrefLoc=2&rt=nc&LH_BIN=1,https://www.ebay.co.uk/sch/i.html?_from=R40&_nkw=0786965614&_sacat=0&_sop=15&LH_BIN=1&LH_PrefLoc=1&rt=nc&LH_ItemCondition=4,Hardcover,0786965614
Dungeons & Dragons: Mordenkainen Presents: Monsters of the Multiverse: 1,https://www.ebay.co.uk/sch/i.html?_from=R40&_nkw=0786967870&_sacat=0&_sop=15&LH_ItemCondition=3&LH_PrefLoc=2&rt=nc&LH_BIN=1,https://www.ebay.co.uk/sch/i.html?_from=R40&_nkw=0786967870&_sacat=0&_sop=15&LH_BIN=1&LH_PrefLoc=1&rt=nc&LH_ItemCondition=4,Hardcover,0786967870
"Spelljammer: Adventures in Space (Dungeons & Dragons Campaign Collection - Adventure, Setting, Monster Book, Map, and DM Screen): A Thrilling ... For The World's Greatest Roleplaying Game: 1",https://www.ebay.co.uk/sch/i.html?_from=R40&_nkw=0786968168&_sacat=0&_sop=15&LH_ItemCondition=3&LH_PrefLoc=2&rt=nc&LH_BIN=1,https://www.ebay.co.uk/sch/i.html?_from=R40&_nkw=0786968168&_sacat=0&_sop=15&LH_BIN=1&LH_PrefLoc=1&rt=nc&LH_ItemCondition=4,Hardcover,0786968168
Dragonlance: Shadow of the Dragon Queen (Dungeons & Dragons Adventure Book): 1,https://www.ebay.co.uk/sch/i.html?_from=R40&_nkw=0786968281&_sacat=0&_sop=15&LH_ItemCondition=3&LH_PrefLoc=2&rt=nc&LH_BIN=1,https://www.ebay.co.uk/sch/i.html?_from=R40&_nkw=0786968281&_sacat=0&_sop=15&LH_BIN=1&LH_PrefLoc=1&rt=nc&LH_ItemCondition=4,Hardcover,0786968281
Dungeons & Dragons Volo's Guide to Monsters,https://www.ebay.co.uk/sch/i.html?_from=R40&_nkw=0786966017&_sacat=0&_sop=15&LH_ItemCondition=3&LH_PrefLoc=2&rt=nc&LH_BIN=1,https://www.ebay.co.uk/sch/i.html?_from=R40&_nkw=0786966017&_sacat=0&_sop=15&LH_BIN=1&LH_PrefLoc=1&rt=nc&LH_ItemCondition=4,Hardcover,0786966017
"Game Master's Book of Random Encounters, The: 500+ customizable maps, tables and story hooks to create 5th edition adventures on demand",https://www.ebay.co.uk/sch/i.html?_from=R40&_nkw=1948174375&_sacat=0&_sop=15&LH_ItemCondition=3&LH_PrefLoc=2&rt=nc&LH_BIN=1,https://www.ebay.co.uk/sch/i.html?_from=R40&_nkw=1948174375&_sacat=0&_sop=15&LH_BIN=1&LH_PrefLoc=1&rt=nc&LH_ItemCondition=4,Hardcover,1948174375
The Doomed: Apocalyptic Horror Hunting: A Wargame,https://www.ebay.co.uk/sch/i.html?_from=R40&_nkw=1472854268&_sacat=0&_sop=15&LH_ItemCondition=3&LH_PrefLoc=2&rt=nc&LH_BIN=1,https://www.ebay.co.uk/sch/i.html?_from=R40&_nkw=1472854268&_sacat=0&_sop=15&LH_BIN=1&LH_PrefLoc=1&rt=nc&LH_ItemCondition=4,Hardcover,1472854268
Dungeons & Dragons: Journeys Through the Radiant Citadel (D&D Adventure Book): 1,https://www.ebay.co.uk/sch/i.html?_from=R40&_nkw=0786967994&_sacat=0&_sop=15&LH_ItemCondition=3&LH_PrefLoc=2&rt=nc&LH_BIN=1,https://www.ebay.co.uk/sch/i.html?_from=R40&_nkw=0786967994&_sacat=0&_sop=15&LH_BIN=1&LH_PrefLoc=1&rt=nc&LH_ItemCondition=4,Hardcover,0786967994
The Monsters Know What They're Doing: Combat Tactics for Dungeon Masters (Volume 1),https://www.ebay.co.uk/sch/i.html?_from=R40&_nkw=1982122668&_sacat=0&_sop=15&LH_ItemCondition=3&LH_PrefLoc=2&rt=nc&LH_BIN=1,https://www.ebay.co.uk/sch/i.html?_from=R40&_nkw=1982122668&_sacat=0&_sop=15&LH_BIN=1&LH_PrefLoc=1&rt=nc&LH_ItemCondition=4,Hardcover,1982122668
"The Game Master's Book of Astonishing Random Tables: 300+ Unique Roll Tables to Enhance Your Worldbuilding, Storytelling, Locations, Magic and More for 5th Edition RPG Adventures",https://www.ebay.co.uk/sch/i.html?_from=R40&_nkw=1956403256&_sacat=0&_sop=15&LH_ItemCondition=3&LH_PrefLoc=2&rt=nc&LH_BIN=1,https://www.ebay.co.uk/sch/i.html?_from=R40&_nkw=1956403256&_sacat=0&_sop=15&LH_BIN=1&LH_PrefLoc=1&rt=nc&LH_ItemCondition=4,Hardcover,1956403256
Journal 29: Interactive Book Game,https://www.ebay.co.uk/sch/i.html?_from=R40&_nkw=1635871727&_sacat=0&_sop=15&LH_ItemCondition=3&LH_PrefLoc=2&rt=nc&LH_BIN=1,https://www.ebay.co.uk/sch/i.html?_from=R40&_nkw=1635871727&_sacat=0&_sop=15&LH_BIN=1&LH_PrefLoc=1&rt=nc&LH_ItemCondition=4,Paperback,1635871727
Pathfinder Core Rulebook (P2),https://www.ebay.co.uk/sch/i.html?_from=R40&_nkw=1640781684&_sacat=0&_sop=15&LH_ItemCondition=3&LH_PrefLoc=2&rt=nc&LH_BIN=1,https://www.ebay.co.uk/sch/i.html?_from=R40&_nkw=1640781684&_sacat=0&_sop=15&LH_BIN=1&LH_PrefLoc=1&rt=nc&LH_ItemCondition=4,Hardcover,1640781684
Critical Role Vox Machina: Origins Volume 1,https://www.ebay.co.uk/sch/i.html?_from=R40&_nkw=1506714811&_sacat=0&_sop=15&LH_ItemCondition=3&LH_PrefLoc=2&rt=nc&LH_BIN=1,https://www.ebay.co.uk/sch/i.html?_from=R40&_nkw=1506714811&_sacat=0&_sop=15&LH_BIN=1&LH_PrefLoc=1&rt=nc&LH_ItemCondition=4,Paperback,1506714811
Minecraft Dungeons Sticker Book,https://www.ebay.co.uk/sch/i.html?_from=R40&_nkw=1405299703&_sacat=0&_sop=15&LH_ItemCondition=3&LH_PrefLoc=2&rt=nc&LH_BIN=1,https://www.ebay.co.uk/sch/i.html?_from=R40&_nkw=1405299703&_sacat=0&_sop=15&LH_BIN=1&LH_PrefLoc=1&rt=nc&LH_ItemCondition=4,Paperback,1405299703
"The Game Master's Book of Traps, Puzzles and Dungeons: A Punishing Collection of Bone-Crunching Contraptions, Brain-Teasing Riddles and ... Locations ... RPG adventures (The Game Master Series)",https://www.ebay.co.uk/sch/i.html?_from=R40&_nkw=1948174987&_sacat=0&_sop=15&LH_ItemCondition=3&LH_PrefLoc=2&rt=nc&LH_BIN=1,https://www.ebay.co.uk/sch/i.html?_from=R40&_nkw=1948174987&_sacat=0&_sop=15&LH_BIN=1&LH_PrefLoc=1&rt=nc&LH_ItemCondition=4,Hardcover,1948174987
"The Game Master's Book of Non-Player Characters: 500+ unique villains, heroes, helpers, sages, shopkeepers, bartenders and more for 5th edition RPG adventures",https://www.ebay.co.uk/sch/i.html?_from=R40&_nkw=1948174804&_sacat=0&_sop=15&LH_ItemCondition=3&LH_PrefLoc=2&rt=nc&LH_BIN=1,https://www.ebay.co.uk/sch/i.html?_from=R40&_nkw=1948174804&_sacat=0&_sop=15&LH_BIN=1&LH_PrefLoc=1&rt=nc&LH_ItemCondition=4,Hardcover,1948174804
Unofficial Roblox Annual 2022,https://www.ebay.co.uk/sch/i.html?_from=R40&_nkw=075550108X&_sacat=0&_sop=15&LH_ItemCondition=3&LH_PrefLoc=2&rt=nc&LH_BIN=1,https://www.ebay.co.uk/sch/i.html?_from=R40&_nkw=075550108X&_sacat=0&_sop=15&LH_BIN=1&LH_PrefLoc=1&rt=nc&LH_ItemCondition=4,Hardcover,075550108X
Dungeons & Dragons Rules Expansion Gift Set (D&D Books)- Tasha's Cauldron of Everything + Xanathar's Guide to Everything + Monsters of the Multiverse + DM Screen: 1,https://www.ebay.co.uk/sch/i.html?_from=R40&_nkw=0786967374&_sacat=0&_sop=15&LH_ItemCondition=3&LH_PrefLoc=2&rt=nc&LH_BIN=1,https://www.ebay.co.uk/sch/i.html?_from=R40&_nkw=0786967374&_sacat=0&_sop=15&LH_BIN=1&LH_PrefLoc=1&rt=nc&LH_ItemCondition=4,Hardcover,0786967374
Fizban’s Treasury of Dragons (Dungeon & Dragons Supplement Book): 1 (Dungeons and Dragons),https://www.ebay.co.uk/sch/i.html?_from=R40&_nkw=0786967293&_sacat=0&_sop=15&LH_ItemCondition=3&LH_PrefLoc=2&rt=nc&LH_BIN=1,https://www.ebay.co.uk/sch/i.html?_from=R40&_nkw=0786967293&_sacat=0&_sop=15&LH_BIN=1&LH_PrefLoc=1&rt=nc&LH_ItemCondition=4,Hardcover,0786967293
League of Thieves (Adventure Gamebooks),https://www.ebay.co.uk/sch/i.html?_from=R40&_nkw=1803706457&_sacat=0&_sop=15&LH_ItemCondition=3&LH_PrefLoc=2&rt=nc&LH_BIN=1,https://www.ebay.co.uk/sch/i.html?_from=R40&_nkw=1803706457&_sacat=0&_sop=15&LH_BIN=1&LH_PrefLoc=1&rt=nc&LH_ItemCondition=4,Paperback,1803706457
"The Skyrim Library - Volumes I, II & III (Box Set): 1-3",https://www.ebay.co.uk/sch/i.html?_from=R40&_nkw=1783293233&_sacat=0&_sop=15&LH_ItemCondition=3&LH_PrefLoc=2&rt=nc&LH_BIN=1,https://www.ebay.co.uk/sch/i.html?_from=R40&_nkw=1783293233&_sacat=0&_sop=15&LH_BIN=1&LH_PrefLoc=1&rt=nc&LH_ItemCondition=4,Hardcover,1783293233
The Sherlock Holmes Escape Book: The Adventure of the London Waterworks: Solve The Puzzles To Escape The Pages,https://www.ebay.co.uk/sch/i.html?_from=R40&_nkw=1781453489&_sacat=0&_sop=15&LH_ItemCondition=3&LH_PrefLoc=2&rt=nc&LH_BIN=1,https://www.ebay.co.uk/sch/i.html?_from=R40&_nkw=1781453489&_sacat=0&_sop=15&LH_BIN=1&LH_PrefLoc=1&rt=nc&LH_ItemCondition=4,Paperback,1781453489
"Creative Gene: How books, movies, and music inspired the creator of Death Stranding and Metal Gear Solid",https://www.ebay.co.uk/sch/i.html?_from=R40&_nkw=197472591X&_sacat=0&_sop=15&LH_ItemCondition=3&LH_PrefLoc=2&rt=nc&LH_BIN=1,https://www.ebay.co.uk/sch/i.html?_from=R40&_nkw=197472591X&_sacat=0&_sop=15&LH_BIN=1&LH_PrefLoc=1&rt=nc&LH_ItemCondition=4,Hardcover,197472591X
The Game Master's Handbook of Proactive Roleplaying: Guidelines and Strategies for Running Pc-Driven Narratives in 5e Adventures,https://www.ebay.co.uk/sch/i.html?_from=R40&_nkw=1956403442&_sacat=0&_sop=15&LH_ItemCondition=3&LH_PrefLoc=2&rt=nc&LH_BIN=1,https://www.ebay.co.uk/sch/i.html?_from=R40&_nkw=1956403442&_sacat=0&_sop=15&LH_BIN=1&LH_PrefLoc=1&rt=nc&LH_ItemCondition=4,Paperback,1956403442
Curse of Strahd: A Dungeons & Dragons Sourcebook (D&D Supplement),https://www.ebay.co.uk/sch/i.html?_from=R40&_nkw=0786965983&_sacat=0&_sop=15&LH_ItemCondition=3&LH_PrefLoc=2&rt=nc&LH_BIN=1,https://www.ebay.co.uk/sch/i.html?_from=R40&_nkw=0786965983&_sacat=0&_sop=15&LH_BIN=1&LH_PrefLoc=1&rt=nc&LH_ItemCondition=4,Hardcover,0786965983
The Cypher Files: An Escape Room… in a Book!,https://www.ebay.co.uk/sch/i.html?_from=R40&_nkw=0241481740&_sacat=0&_sop=15&LH_ItemCondition=3&LH_PrefLoc=2&rt=nc&LH_BIN=1,https://www.ebay.co.uk/sch/i.html?_from=R40&_nkw=0241481740&_sacat=0&_sop=15&LH_BIN=1&LH_PrefLoc=1&rt=nc&LH_ItemCondition=4,Paperback,0241481740
The Escape Book: Can you escape this book?: 1 (Escape Book Series),https://www.ebay.co.uk/sch/i.html?_from=R40&_nkw=1781317437&_sacat=0&_sop=15&LH_ItemCondition=3&LH_PrefLoc=2&rt=nc&LH_BIN=1,https://www.ebay.co.uk/sch/i.html?_from=R40&_nkw=1781317437&_sacat=0&_sop=15&LH_BIN=1&LH_PrefLoc=1&rt=nc&LH_ItemCondition=4,Paperback,1781317437
Bolt Action: Armies of Germany: 2nd Edition: 1,https://www.ebay.co.uk/sch/i.html?_from=R40&_nkw=147281780X&_sacat=0&_sop=15&LH_ItemCondition=3&LH_PrefLoc=2&rt=nc&LH_BIN=1,https://www.ebay.co.uk/sch/i.html?_from=R40&_nkw=147281780X&_sacat=0&_sop=15&LH_BIN=1&LH_PrefLoc=1&rt=nc&LH_ItemCondition=4,Paperback,147281780X
The World of Critical Role: The History Behind the Epic Fantasy,https://www.ebay.co.uk/sch/i.html?_from=R40&_nkw=1529101220&_sacat=0&_sop=15&LH_ItemCondition=3&LH_PrefLoc=2&rt=nc&LH_BIN=1,https://www.ebay.co.uk/sch/i.html?_from=R40&_nkw=1529101220&_sacat=0&_sop=15&LH_BIN=1&LH_PrefLoc=1&rt=nc&LH_ItemCondition=4,Hardcover,1529101220
Goblin Slayer Tabletop Roleplaying Game,https://www.ebay.co.uk/sch/i.html?_from=R40&_nkw=1975318315&_sacat=0&_sop=15&LH_ItemCondition=3&LH_PrefLoc=2&rt=nc&LH_BIN=1,https://www.ebay.co.uk/sch/i.html?_from=R40&_nkw=1975318315&_sacat=0&_sop=15&LH_BIN=1&LH_PrefLoc=1&rt=nc&LH_ItemCondition=4,Paperback,1975318315
"Dungeons & Dragons: Dungeon Academy: No Humans Allowed!: A funny, illustrated D&D novel for younger readers and fans of role play and fantasy by New York Times bestselling author Madeleine Roux",https://www.ebay.co.uk/sch/i.html?_from=R40&_nkw=0755503821&_sacat=0&_sop=15&LH_ItemCondition=3&LH_PrefLoc=2&rt=nc&LH_BIN=1,https://www.ebay.co.uk/sch/i.html?_from=R40&_nkw=0755503821&_sacat=0&_sop=15&LH_BIN=1&LH_PrefLoc=1&rt=nc&LH_ItemCondition=4,Paperback,0755503821
"Dragonlance Chronicles: Dragons of Autumn Twilight, Dragons of Winter Night, Dragons of Spring Dawning",https://www.ebay.co.uk/sch/i.html?_from=R40&_nkw=0140115404&_sacat=0&_sop=15&LH_ItemCondition=3&LH_PrefLoc=2&rt=nc&LH_BIN=1,https://www.ebay.co.uk/sch/i.html?_from=R40&_nkw=0140115404&_sacat=0&_sop=15&LH_BIN=1&LH_PrefLoc=1&rt=nc&LH_ItemCondition=4,Paperback,0140115404
D&D Rules Expansion Gift Set (Alternate Cover): Dungeons & Dragons (DDN),https://www.ebay.co.uk/sch/i.html?_from=R40&_nkw=0786967439&_sacat=0&_sop=15&LH_ItemCondition=3&LH_PrefLoc=2&rt=nc&LH_BIN=1,https://www.ebay.co.uk/sch/i.html?_from=R40&_nkw=0786967439&_sacat=0&_sop=15&LH_BIN=1&LH_PrefLoc=1&rt=nc&LH_ItemCondition=4,Hardcover,0786967439
Pathfinder RPG Rage of Elements (P2),https://www.ebay.co.uk/sch/i.html?_from=R40&_nkw=1640785272&_sacat=0&_sop=15&LH_ItemCondition=3&LH_PrefLoc=2&rt=nc&LH_BIN=1,https://www.ebay.co.uk/sch/i.html?_from=R40&_nkw=1640785272&_sacat=0&_sop=15&LH_BIN=1&LH_PrefLoc=1&rt=nc&LH_ItemCondition=4,Hardcover,1640785272
League of Legends: Realms of Runeterra (Official Companion),https://www.ebay.co.uk/sch/i.html?_from=R40&_nkw=0316497320&_sacat=0&_sop=15&LH_ItemCondition=3&LH_PrefLoc=2&rt=nc&LH_BIN=1,https://www.ebay.co.uk/sch/i.html?_from=R40&_nkw=0316497320&_sacat=0&_sop=15&LH_BIN=1&LH_PrefLoc=1&rt=nc&LH_ItemCondition=4,Hardcover,0316497320
Dragon Rampant: Fantasy Wargaming Rules (Osprey Wargames),https://www.ebay.co.uk/sch/i.html?_from=R40&_nkw=1472815718&_sacat=0&_sop=15&LH_ItemCondition=3&LH_PrefLoc=2&rt=nc&LH_BIN=1,https://www.ebay.co.uk/sch/i.html?_from=R40&_nkw=1472815718&_sacat=0&_sop=15&LH_BIN=1&LH_PrefLoc=1&rt=nc&LH_ItemCondition=4,Paperback,1472815718
Pathfinder RPG Treasure Vault (P2),https://www.ebay.co.uk/sch/i.html?_from=R40&_nkw=1640784977&_sacat=0&_sop=15&LH_ItemCondition=3&LH_PrefLoc=2&rt=nc&LH_BIN=1,https://www.ebay.co.uk/sch/i.html?_from=R40&_nkw=1640784977&_sacat=0&_sop=15&LH_BIN=1&LH_PrefLoc=1&rt=nc&LH_ItemCondition=4,Hardcover,1640784977
The Practically Complete Guide to Dragons (Dungeons & Dragons Illustrated Book),https://www.ebay.co.uk/sch/i.html?_from=R40&_nkw=0786969067&_sacat=0&_sop=15&LH_ItemCondition=3&LH_PrefLoc=2&rt=nc&LH_BIN=1,https://www.ebay.co.uk/sch/i.html?_from=R40&_nkw=0786969067&_sacat=0&_sop=15&LH_BIN=1&LH_PrefLoc=1&rt=nc&LH_ItemCondition=4,Hardcover,0786969067
Dungeons & Dragons The Legend of Drizzt Visual Dictionary,https://www.ebay.co.uk/sch/i.html?_from=R40&_nkw=0241409411&_sacat=0&_sop=15&LH_ItemCondition=3&LH_PrefLoc=2&rt=nc&LH_BIN=1,https://www.ebay.co.uk/sch/i.html?_from=R40&_nkw=0241409411&_sacat=0&_sop=15&LH_BIN=1&LH_PrefLoc=1&rt=nc&LH_ItemCondition=4,Hardcover,0241409411
Pathfinder RPG Secrets of Magic (P2) (Pathfinder Roleplaying Game),https://www.ebay.co.uk/sch/i.html?_from=R40&_nkw=1640783458&_sacat=0&_sop=15&LH_ItemCondition=3&LH_PrefLoc=2&rt=nc&LH_BIN=1,https://www.ebay.co.uk/sch/i.html?_from=R40&_nkw=1640783458&_sacat=0&_sop=15&LH_BIN=1&LH_PrefLoc=1&rt=nc&LH_ItemCondition=4,Hardcover,1640783458
Gaslands: Refuelled: Post-Apocalyptic Vehicular Mayhem,https://www.ebay.co.uk/sch/i.html?_from=R40&_nkw=1472838831&_sacat=0&_sop=15&LH_ItemCondition=3&LH_PrefLoc=2&rt=nc&LH_BIN=1,https://www.ebay.co.uk/sch/i.html?_from=R40&_nkw=1472838831&_sacat=0&_sop=15&LH_BIN=1&LH_PrefLoc=1&rt=nc&LH_ItemCondition=4,Hardcover,1472838831
Pathfinder RPG: Advanced Player’s Guide (P2),https://www.ebay.co.uk/sch/i.html?_from=R40&_nkw=1640782575&_sacat=0&_sop=15&LH_ItemCondition=3&LH_PrefLoc=2&rt=nc&LH_BIN=1,https://www.ebay.co.uk/sch/i.html?_from=R40&_nkw=1640782575&_sacat=0&_sop=15&LH_BIN=1&LH_PrefLoc=1&rt=nc&LH_ItemCondition=4,Hardcover,1640782575
Van Richten's Guide to Ravenloft (Dungeons & Dragons): 1,https://www.ebay.co.uk/sch/i.html?_from=R40&_nkw=0786967250&_sacat=0&_sop=15&LH_ItemCondition=3&LH_PrefLoc=2&rt=nc&LH_BIN=1,https://www.ebay.co.uk/sch/i.html?_from=R40&_nkw=0786967250&_sacat=0&_sop=15&LH_BIN=1&LH_PrefLoc=1&rt=nc&LH_ItemCondition=4,Hardcover,0786967250
Pathfinder Gamemastery Guide (P2),https://www.ebay.co.uk/sch/i.html?_from=R40&_nkw=1640781986&_sacat=0&_sop=15&LH_ItemCondition=3&LH_PrefLoc=2&rt=nc&LH_BIN=1,https://www.ebay.co.uk/sch/i.html?_from=R40&_nkw=1640781986&_sacat=0&_sop=15&LH_BIN=1&LH_PrefLoc=1&rt=nc&LH_ItemCondition=4,Hardcover,1640781986
"The Game Master's Book of Villains, Minions and Their Tactics: Epic New Antagonists for Your Pcs, Plus New Minions, Fighting Tactics, and Guidelines ... Original Bbegs for 5th Edition RPG Adventures",https://www.ebay.co.uk/sch/i.html?_from=R40&_nkw=1956403418&_sacat=0&_sop=15&LH_ItemCondition=3&LH_PrefLoc=2&rt=nc&LH_BIN=1,https://www.ebay.co.uk/sch/i.html?_from=R40&_nkw=1956403418&_sacat=0&_sop=15&LH_BIN=1&LH_PrefLoc=1&rt=nc&LH_ItemCondition=4,Hardcover,1956403418
Neverland: A Fantasy Role-Playing Setting,https://www.ebay.co.uk/sch/i.html?_from=R40&_nkw=1524860204&_sacat=0&_sop=15&LH_ItemCondition=3&LH_PrefLoc=2&rt=nc&LH_BIN=1,https://www.ebay.co.uk/sch/i.html?_from=R40&_nkw=1524860204&_sacat=0&_sop=15&LH_BIN=1&LH_PrefLoc=1&rt=nc&LH_ItemCondition=4,Hardcover,1524860204
Stargrave: Science Fiction Wargames in the Ravaged Galaxy,https://www.ebay.co.uk/sch/i.html?_from=R40&_nkw=1472837509&_sacat=0&_sop=15&LH_ItemCondition=3&LH_PrefLoc=2&rt=nc&LH_BIN=1,https://www.ebay.co.uk/sch/i.html?_from=R40&_nkw=1472837509&_sacat=0&_sop=15&LH_BIN=1&LH_PrefLoc=1&rt=nc&LH_ItemCondition=4,Hardcover,1472837509
"Dungeon Academy: Tourney of Terror: A funny, illustrated D&D novel for younger readers and fans of role play and fantasy written by New York Times bestselling author Madeleine Roux",https://www.ebay.co.uk/sch/i.html?_from=R40&_nkw=0008531021&_sacat=0&_sop=15&LH_ItemCondition=3&LH_PrefLoc=2&rt=nc&LH_BIN=1,https://www.ebay.co.uk/sch/i.html?_from=R40&_nkw=0008531021&_sacat=0&_sop=15&LH_BIN=1&LH_PrefLoc=1&rt=nc&LH_ItemCondition=4,Paperback,0008531021
The Pikeman’s Lament: Pike and Shot Wargaming Rules (Osprey Wargames),https://www.ebay.co.uk/sch/i.html?_from=R40&_nkw=1472817311&_sacat=0&_sop=15&LH_ItemCondition=3&LH_PrefLoc=2&rt=nc&LH_BIN=1,https://www.ebay.co.uk/sch/i.html?_from=R40&_nkw=1472817311&_sacat=0&_sop=15&LH_BIN=1&LH_PrefLoc=1&rt=nc&LH_ItemCondition=4,Paperback,1472817311
Tome of Beasts ll Pocket Edition for 5th Edition,https://www.ebay.co.uk/sch/i.html?_from=R40&_nkw=1950789128&_sacat=0&_sop=15&LH_ItemCondition=3&LH_PrefLoc=2&rt=nc&LH_BIN=1,https://www.ebay.co.uk/sch/i.html?_from=R40&_nkw=1950789128&_sacat=0&_sop=15&LH_BIN=1&LH_PrefLoc=1&rt=nc&LH_ItemCondition=4,Paperback,1950789128
Pathfinder Lost Omens Highhelm (P2),https://www.ebay.co.uk/sch/i.html?_from=R40&_nkw=1640785213&_sacat=0&_sop=15&LH_ItemCondition=3&LH_PrefLoc=2&rt=nc&LH_BIN=1,https://www.ebay.co.uk/sch/i.html?_from=R40&_nkw=1640785213&_sacat=0&_sop=15&LH_BIN=1&LH_PrefLoc=1&rt=nc&LH_ItemCondition=4,Hardcover,1640785213
Tome of Beasts 3 Pocket Edition,https://www.ebay.co.uk/sch/i.html?_from=R40&_nkw=1950789500&_sacat=0&_sop=15&LH_ItemCondition=3&LH_PrefLoc=2&rt=nc&LH_BIN=1,https://www.ebay.co.uk/sch/i.html?_from=R40&_nkw=1950789500&_sacat=0&_sop=15&LH_BIN=1&LH_PrefLoc=1&rt=nc&LH_ItemCondition=4,Paperback,1950789500
Keys From the Golden Vault (Dungeons & Dragons Adventure Book),https://www.ebay.co.uk/sch/i.html?_from=R40&_nkw=0786968966&_sacat=0&_sop=15&LH_ItemCondition=3&LH_PrefLoc=2&rt=nc&LH_BIN=1,https://www.ebay.co.uk/sch/i.html?_from=R40&_nkw=0786968966&_sacat=0&_sop=15&LH_BIN=1&LH_PrefLoc=1&rt=nc&LH_ItemCondition=4,Hardcover,0786968966
The Düngeonmeister Cookbook: 75 RPG-Inspired Recipes to Level Up Your Game Night,https://www.ebay.co.uk/sch/i.html?_from=R40&_nkw=1507218117&_sacat=0&_sop=15&LH_ItemCondition=3&LH_PrefLoc=2&rt=nc&LH_BIN=1,https://www.ebay.co.uk/sch/i.html?_from=R40&_nkw=1507218117&_sacat=0&_sop=15&LH_BIN=1&LH_PrefLoc=1&rt=nc&LH_ItemCondition=4,Hardcover,1507218117
Dungeons & Dragons Icewind Dale: Rime of the Frostmaiden Adventure Book September 2020 Book: Rime of the Frostmaiden D&d Adventure Book,https://www.ebay.co.uk/sch/i.html?_from=R40&_nkw=078696698X&_sacat=0&_sop=15&LH_ItemCondition=3&LH_PrefLoc=2&rt=nc&LH_BIN=1,https://www.ebay.co.uk/sch/i.html?_from=R40&_nkw=078696698X&_sacat=0&_sop=15&LH_BIN=1&LH_PrefLoc=1&rt=nc&LH_ItemCondition=4,Hardcover,078696698X
Bolt Action: Armies of Great Britain: 3,https://www.ebay.co.uk/sch/i.html?_from=R40&_nkw=1780960891&_sacat=0&_sop=15&LH_ItemCondition=3&LH_PrefLoc=2&rt=nc&LH_BIN=1,https://www.ebay.co.uk/sch/i.html?_from=R40&_nkw=1780960891&_sacat=0&_sop=15&LH_BIN=1&LH_PrefLoc=1&rt=nc&LH_ItemCondition=4,Paperback,1780960891
Southlands City of Cats for 5th Edition,https://www.ebay.co.uk/sch/i.html?_from=R40&_nkw=1950789063&_sacat=0&_sop=15&LH_ItemCondition=3&LH_PrefLoc=2&rt=nc&LH_BIN=1,https://www.ebay.co.uk/sch/i.html?_from=R40&_nkw=1950789063&_sacat=0&_sop=15&LH_BIN=1&LH_PrefLoc=1&rt=nc&LH_ItemCondition=4,Hardcover,1950789063
Zona Alfa: Salvage and Survival in the Exclusion Zone: 25 (Osprey Wargames),https://www.ebay.co.uk/sch/i.html?_from=R40&_nkw=1472835697&_sacat=0&_sop=15&LH_ItemCondition=3&LH_PrefLoc=2&rt=nc&LH_BIN=1,https://www.ebay.co.uk/sch/i.html?_from=R40&_nkw=1472835697&_sacat=0&_sop=15&LH_BIN=1&LH_PrefLoc=1&rt=nc&LH_ItemCondition=4,Paperback,1472835697
"How to Create History: An Author’s Guide to Creating Histories, Myths, and Monsters (Author Guides)",https://www.ebay.co.uk/sch/i.html?_from=R40&_nkw=1838327339&_sacat=0&_sop=15&LH_ItemCondition=3&LH_PrefLoc=2&rt=nc&LH_BIN=1,https://www.ebay.co.uk/sch/i.html?_from=R40&_nkw=1838327339&_sacat=0&_sop=15&LH_BIN=1&LH_PrefLoc=1&rt=nc&LH_ItemCondition=4,Paperback,1838327339
Pathfinder Lost Omens Ancestry Guide (P2),https://www.ebay.co.uk/sch/i.html?_from=R40&_nkw=1640783083&_sacat=0&_sop=15&LH_ItemCondition=3&LH_PrefLoc=2&rt=nc&LH_BIN=1,https://www.ebay.co.uk/sch/i.html?_from=R40&_nkw=1640783083&_sacat=0&_sop=15&LH_BIN=1&LH_PrefLoc=1&rt=nc&LH_ItemCondition=4,Hardcover,1640783083
"Dungeons & Dragons Behold! A Search and Find Adventure: An official gift for kids, adults, and fans of D&D and fantasy role play games",https://www.ebay.co.uk/sch/i.html?_from=R40&_nkw=0755502000&_sacat=0&_sop=15&LH_ItemCondition=3&LH_PrefLoc=2&rt=nc&LH_BIN=1,https://www.ebay.co.uk/sch/i.html?_from=R40&_nkw=0755502000&_sacat=0&_sop=15&LH_BIN=1&LH_PrefLoc=1&rt=nc&LH_ItemCondition=4,Hardcover,0755502000
Pathfinder Dark Archive Special Edition (P2),https://www.ebay.co.uk/sch/i.html?_from=R40&_nkw=1640784446&_sacat=0&_sop=15&LH_ItemCondition=3&LH_PrefLoc=2&rt=nc&LH_BIN=1,https://www.ebay.co.uk/sch/i.html?_from=R40&_nkw=1640784446&_sacat=0&_sop=15&LH_BIN=1&LH_PrefLoc=1&rt=nc&LH_ItemCondition=4,Hardcover,1640784446
Frostgrave: The Wildwoods: 18,https://www.ebay.co.uk/sch/i.html?_from=R40&_nkw=1472858158&_sacat=0&_sop=15&LH_ItemCondition=3&LH_PrefLoc=2&rt=nc&LH_BIN=1,https://www.ebay.co.uk/sch/i.html?_from=R40&_nkw=1472858158&_sacat=0&_sop=15&LH_BIN=1&LH_PrefLoc=1&rt=nc&LH_ItemCondition=4,Paperback,1472858158
Unlock! Escape Adventure Puzzle Book: Race Against the Clock to Escape a Series of Complex Rooms,https://www.ebay.co.uk/sch/i.html?_from=R40&_nkw=1787395995&_sacat=0&_sop=15&LH_ItemCondition=3&LH_PrefLoc=2&rt=nc&LH_BIN=1,https://www.ebay.co.uk/sch/i.html?_from=R40&_nkw=1787395995&_sacat=0&_sop=15&LH_BIN=1&LH_PrefLoc=1&rt=nc&LH_ItemCondition=4,Paperback,1787395995
How to Defend Your Lair (Volume 4) (The Monsters Know What They’re Doing),https://www.ebay.co.uk/sch/i.html?_from=R40&_nkw=1982171359&_sacat=0&_sop=15&LH_ItemCondition=3&LH_PrefLoc=2&rt=nc&LH_BIN=1,https://www.ebay.co.uk/sch/i.html?_from=R40&_nkw=1982171359&_sacat=0&_sop=15&LH_BIN=1&LH_PrefLoc=1&rt=nc&LH_ItemCondition=4,Hardcover,1982171359
Düngeonmeister: 75 Epic RPG Cocktail Recipes to Shake Up Your Campaign,https://www.ebay.co.uk/sch/i.html?_from=R40&_nkw=1507214650&_sacat=0&_sop=15&LH_ItemCondition=3&LH_PrefLoc=2&rt=nc&LH_BIN=1,https://www.ebay.co.uk/sch/i.html?_from=R40&_nkw=1507214650&_sacat=0&_sop=15&LH_BIN=1&LH_PrefLoc=1&rt=nc&LH_ItemCondition=4,Hardcover,1507214650
Lion Rampant: Second Edition: Medieval Wargaming Rules,https://www.ebay.co.uk/sch/i.html?_from=R40&_nkw=1472852613&_sacat=0&_sop=15&LH_ItemCondition=3&LH_PrefLoc=2&rt=nc&LH_BIN=1,https://www.ebay.co.uk/sch/i.html?_from=R40&_nkw=1472852613&_sacat=0&_sop=15&LH_BIN=1&LH_PrefLoc=1&rt=nc&LH_ItemCondition=4,Hardcover,1472852613
"DUNGEONS & DRAGONS YEARBOOK 2024: Come on an adventure with the official D&D annual. Featuring heroes and monsters of legend, plus interviews, activities, tips and tricks, and more.",https://www.ebay.co.uk/sch/i.html?_from=R40&_nkw=000853747X&_sacat=0&_sop=15&LH_ItemCondition=3&LH_PrefLoc=2&rt=nc&LH_BIN=1,https://www.ebay.co.uk/sch/i.html?_from=R40&_nkw=000853747X&_sacat=0&_sop=15&LH_BIN=1&LH_PrefLoc=1&rt=nc&LH_ItemCondition=4,Hardcover,000853747X
"ZWEIHANDER Fantasy Horror RPG: Starter Kit: Starter Kit: Includes Rulebooks, Dice, Folding Gamemaster's Screen, Folding Art Poster & Village Map, 13 Folios, 9 Tokens, 18 Trackers, 72 Cards",https://www.ebay.co.uk/sch/i.html?_from=R40&_nkw=1524875279&_sacat=0&_sop=15&LH_ItemCondition=3&LH_PrefLoc=2&rt=nc&LH_BIN=1,https://www.ebay.co.uk/sch/i.html?_from=R40&_nkw=1524875279&_sacat=0&_sop=15&LH_BIN=1&LH_PrefLoc=1&rt=nc&LH_ItemCondition=4,Paperback,1524875279
"Pathfinder Adventure Path: Mantle of Gold (Sky King’s Tomb 1 of 3) (P2): Mantle of Gold P2 (Sky King’s Tomb, 1)",https://www.ebay.co.uk/sch/i.html?_from=R40&_nkw=1640785302&_sacat=0&_sop=15&LH_ItemCondition=3&LH_PrefLoc=2&rt=nc&LH_BIN=1,https://www.ebay.co.uk/sch/i.html?_from=R40&_nkw=1640785302&_sacat=0&_sop=15&LH_BIN=1&LH_PrefLoc=1&rt=nc&LH_ItemCondition=4,Paperback,1640785302
Starfinder RPG: Starfinder Core Rulebook Pocket Edition,https://www.ebay.co.uk/sch/i.html?_from=R40&_nkw=1640782524&_sacat=0&_sop=15&LH_ItemCondition=3&LH_PrefLoc=2&rt=nc&LH_BIN=1,https://www.ebay.co.uk/sch/i.html?_from=R40&_nkw=1640782524&_sacat=0&_sop=15&LH_BIN=1&LH_PrefLoc=1&rt=nc&LH_ItemCondition=4,Paperback,1640782524
Pathfinder RPG Bestiary 3 (P2),https://www.ebay.co.uk/sch/i.html?_from=R40&_nkw=1640783121&_sacat=0&_sop=15&LH_ItemCondition=3&LH_PrefLoc=2&rt=nc&LH_BIN=1,https://www.ebay.co.uk/sch/i.html?_from=R40&_nkw=1640783121&_sacat=0&_sop=15&LH_BIN=1&LH_PrefLoc=1&rt=nc&LH_ItemCondition=4,Hardcover,1640783121
MOAR! Monsters Know What They're Doing (Volume 3) (The Monsters Know What They’re Doing),https://www.ebay.co.uk/sch/i.html?_from=R40&_nkw=1982171324&_sacat=0&_sop=15&LH_ItemCondition=3&LH_PrefLoc=2&rt=nc&LH_BIN=1,https://www.ebay.co.uk/sch/i.html?_from=R40&_nkw=1982171324&_sacat=0&_sop=15&LH_BIN=1&LH_PrefLoc=1&rt=nc&LH_ItemCondition=4,Hardcover,1982171324
Xenos Rampant: Science Fiction Wargame Battles,https://www.ebay.co.uk/sch/i.html?_from=R40&_nkw=1472852362&_sacat=0&_sop=15&LH_ItemCondition=3&LH_PrefLoc=2&rt=nc&LH_BIN=1,https://www.ebay.co.uk/sch/i.html?_from=R40&_nkw=1472852362&_sacat=0&_sop=15&LH_BIN=1&LH_PrefLoc=1&rt=nc&LH_ItemCondition=4,Hardcover,1472852362
Dungeons & Dragons Annual 2022,https://www.ebay.co.uk/sch/i.html?_from=R40&_nkw=0755501098&_sacat=0&_sop=15&LH_ItemCondition=3&LH_PrefLoc=2&rt=nc&LH_BIN=1,https://www.ebay.co.uk/sch/i.html?_from=R40&_nkw=0755501098&_sacat=0&_sop=15&LH_BIN=1&LH_PrefLoc=1&rt=nc&LH_ItemCondition=4,Hardcover,0755501098
Pathfinder Lost Omens Gods & Magic (P2),https://www.ebay.co.uk/sch/i.html?_from=R40&_nkw=1640782028&_sacat=0&_sop=15&LH_ItemCondition=3&LH_PrefLoc=2&rt=nc&LH_BIN=1,https://www.ebay.co.uk/sch/i.html?_from=R40&_nkw=1640782028&_sacat=0&_sop=15&LH_BIN=1&LH_PrefLoc=1&rt=nc&LH_ItemCondition=4,Hardcover,1640782028
Pathfinder RPG Guns & Gears (P2),https://www.ebay.co.uk/sch/i.html?_from=R40&_nkw=1640783695&_sacat=0&_sop=15&LH_ItemCondition=3&LH_PrefLoc=2&rt=nc&LH_BIN=1,https://www.ebay.co.uk/sch/i.html?_from=R40&_nkw=1640783695&_sacat=0&_sop=15&LH_BIN=1&LH_PrefLoc=1&rt=nc&LH_ItemCondition=4,Hardcover,1640783695
Of Gods and Mortals: Mythological Wargame Rules: 5 (Osprey Wargames),https://www.ebay.co.uk/sch/i.html?_from=R40&_nkw=1780968493&_sacat=0&_sop=15&LH_ItemCondition=3&LH_PrefLoc=2&rt=nc&LH_BIN=1,https://www.ebay.co.uk/sch/i.html?_from=R40&_nkw=1780968493&_sacat=0&_sop=15&LH_BIN=1&LH_PrefLoc=1&rt=nc&LH_ItemCondition=4,Paperback,1780968493
Live to Tell the Tale: Combat Tactics for Player Characters (Volume 2) (The Monsters Know What They’re Doing),https://www.ebay.co.uk/sch/i.html?_from=R40&_nkw=1982122692&_sacat=0&_sop=15&LH_ItemCondition=3&LH_PrefLoc=2&rt=nc&LH_BIN=1,https://www.ebay.co.uk/sch/i.html?_from=R40&_nkw=1982122692&_sacat=0&_sop=15&LH_BIN=1&LH_PrefLoc=1&rt=nc&LH_ItemCondition=4,Hardcover,1982122692
Zulu!: Fighting the Battles of the Anglo-Zulu War with Model Soldiers,https://www.ebay.co.uk/sch/i.html?_from=R40&_nkw=0992661609&_sacat=0&_sop=15&LH_ItemCondition=3&LH_PrefLoc=2&rt=nc&LH_BIN=1,https://www.ebay.co.uk/sch/i.html?_from=R40&_nkw=0992661609&_sacat=0&_sop=15&LH_BIN=1&LH_PrefLoc=1&rt=nc&LH_ItemCondition=4,Paperback,0992661609
Bolt Action: Armies of Italy and the Axis,https://www.ebay.co.uk/sch/i.html?_from=R40&_nkw=1782007709&_sacat=0&_sop=15&LH_ItemCondition=3&LH_PrefLoc=2&rt=nc&LH_BIN=1,https://www.ebay.co.uk/sch/i.html?_from=R40&_nkw=1782007709&_sacat=0&_sop=15&LH_BIN=1&LH_PrefLoc=1&rt=nc&LH_ItemCondition=4,Paperback,1782007709
Bolt Action: Campaign: The Western Desert,https://www.ebay.co.uk/sch/i.html?_from=R40&_nkw=1472834356&_sacat=0&_sop=15&LH_ItemCondition=3&LH_PrefLoc=2&rt=nc&LH_BIN=1,https://www.ebay.co.uk/sch/i.html?_from=R40&_nkw=1472834356&_sacat=0&_sop=15&LH_BIN=1&LH_PrefLoc=1&rt=nc&LH_ItemCondition=4,Paperback,1472834356
Trollslayer: 1 (Gotrek & Felix),https://www.ebay.co.uk/sch/i.html?_from=R40&_nkw=1841541001&_sacat=0&_sop=15&LH_ItemCondition=3&LH_PrefLoc=2&rt=nc&LH_BIN=1,https://www.ebay.co.uk/sch/i.html?_from=R40&_nkw=1841541001&_sacat=0&_sop=15&LH_BIN=1&LH_PrefLoc=1&rt=nc&LH_ItemCondition=4,Paperback,1841541001
"Dungeons & Dragons Annual 2023: Take on an adventure with the Official Dungeons & Dragons Annual 2023. Featuring heroes and monsters of legend, plus interviews, activities, tips and tricks, and more.",https://www.ebay.co.uk/sch/i.html?_from=R40&_nkw=0008510806&_sacat=0&_sop=15&LH_ItemCondition=3&LH_PrefLoc=2&rt=nc&LH_BIN=1,https://www.ebay.co.uk/sch/i.html?_from=R40&_nkw=0008510806&_sacat=0&_sop=15&LH_BIN=1&LH_PrefLoc=1&rt=nc&LH_ItemCondition=4,Hardcover,0008510806
Tome of Beasts 2: Lairs,https://www.ebay.co.uk/sch/i.html?_from=R40&_nkw=1950789020&_sacat=0&_sop=15&LH_ItemCondition=3&LH_PrefLoc=2&rt=nc&LH_BIN=1,https://www.ebay.co.uk/sch/i.html?_from=R40&_nkw=1950789020&_sacat=0&_sop=15&LH_BIN=1&LH_PrefLoc=1&rt=nc&LH_ItemCondition=4,Paperback,1950789020
Pathfinder RPG Treasure Vault Pocket Edition (P2),https://www.ebay.co.uk/sch/i.html?_from=R40&_nkw=1640784985&_sacat=0&_sop=15&LH_ItemCondition=3&LH_PrefLoc=2&rt=nc&LH_BIN=1,https://www.ebay.co.uk/sch/i.html?_from=R40&_nkw=1640784985&_sacat=0&_sop=15&LH_BIN=1&LH_PrefLoc=1&rt=nc&LH_ItemCondition=4,Paperback,1640784985
From Hell,https://www.ebay.co.uk/sch/i.html?_from=R40&_nkw=0861661419&_sacat=0&_sop=15&LH_ItemCondition=3&LH_PrefLoc=2&rt=nc&LH_BIN=1,https://www.ebay.co.uk/sch/i.html?_from=R40&_nkw=0861661419&_sacat=0&_sop=15&LH_BIN=1&LH_PrefLoc=1&rt=nc&LH_ItemCondition=4,Paperback,0861661419
Slow Chocolate Autopsy,https://www.ebay.co.uk/sch/i.html?_from=R40&_nkw=0753801523&_sacat=0&_sop=15&LH_ItemCondition=3&LH_PrefLoc=2&rt=nc&LH_BIN=1,https://www.ebay.co.uk/sch/i.html?_from=R40&_nkw=0753801523&_sacat=0&_sop=15&LH_BIN=1&LH_PrefLoc=1&rt=nc&LH_ItemCondition=4,Paperback,0753801523
"Alison: a stunning and emotional graphic novel for fans of Sally Rooney, from an award winning illustrator and author",https://www.ebay.co.uk/sch/i.html?_from=R40&_nkw=1788169050&_sacat=0&_sop=15&LH_ItemCondition=3&LH_PrefLoc=2&rt=nc&LH_BIN=1,https://www.ebay.co.uk/sch/i.html?_from=R40&_nkw=1788169050&_sacat=0&_sop=15&LH_BIN=1&LH_PrefLoc=1&rt=nc&LH_ItemCondition=4,Hardcover,1788169050
The Sandman 2,https://www.ebay.co.uk/sch/i.html?_from=R40&_nkw=1779508115&_sacat=0&_sop=15&LH_ItemCondition=3&LH_PrefLoc=2&rt=nc&LH_BIN=1,https://www.ebay.co.uk/sch/i.html?_from=R40&_nkw=1779508115&_sacat=0&_sop=15&LH_BIN=1&LH_PrefLoc=1&rt=nc&LH_ItemCondition=4,Hardcover,1779508115
Justice League Unlimited Hocus Pocus,https://www.ebay.co.uk/sch/i.html?_from=R40&_nkw=1779507542&_sacat=0&_sop=15&LH_ItemCondition=3&LH_PrefLoc=2&rt=nc&LH_BIN=1,https://www.ebay.co.uk/sch/i.html?_from=R40&_nkw=1779507542&_sacat=0&_sop=15&LH_BIN=1&LH_PrefLoc=1&rt=nc&LH_ItemCondition=4,Paperback,1779507542
Red Rosa: A Graphic Biography of Rosa Luxemburg,https://www.ebay.co.uk/sch/i.html?_from=R40&_nkw=1784780995&_sacat=0&_sop=15&LH_ItemCondition=3&LH_PrefLoc=2&rt=nc&LH_BIN=1,https://www.ebay.co.uk/sch/i.html?_from=R40&_nkw=1784780995&_sacat=0&_sop=15&LH_BIN=1&LH_PrefLoc=1&rt=nc&LH_ItemCondition=4,Paperback,1784780995
Watchmen,https://www.ebay.co.uk/sch/i.html?_from=R40&_nkw=1852860243&_sacat=0&_sop=15&LH_ItemCondition=3&LH_PrefLoc=2&rt=nc&LH_BIN=1,https://www.ebay.co.uk/sch/i.html?_from=R40&_nkw=1852860243&_sacat=0&_sop=15&LH_BIN=1&LH_PrefLoc=1&rt=nc&LH_ItemCondition=4,Paperback,1852860243
Tales from the DC Dark Multiverse,https://www.ebay.co.uk/sch/i.html?_from=R40&_nkw=1779508158&_sacat=0&_sop=15&LH_ItemCondition=3&LH_PrefLoc=2&rt=nc&LH_BIN=1,https://www.ebay.co.uk/sch/i.html?_from=R40&_nkw=1779508158&_sacat=0&_sop=15&LH_BIN=1&LH_PrefLoc=1&rt=nc&LH_ItemCondition=4,Paperback,1779508158
100% Biodegradable Comic Collection: An action packed sci fi adventure comics anthology from creators around the globe.,https://www.ebay.co.uk/sch/i.html?_from=R40&_nkw=1794609164&_sacat=0&_sop=15&LH_ItemCondition=3&LH_PrefLoc=2&rt=nc&LH_BIN=1,https://www.ebay.co.uk/sch/i.html?_from=R40&_nkw=1794609164&_sacat=0&_sop=15&LH_BIN=1&LH_PrefLoc=1&rt=nc&LH_ItemCondition=4,Paperback,1794609164
V for Vendetta,https://www.ebay.co.uk/sch/i.html?_from=R40&_nkw=1852862912&_sacat=0&_sop=15&LH_ItemCondition=3&LH_PrefLoc=2&rt=nc&LH_BIN=1,https://www.ebay.co.uk/sch/i.html?_from=R40&_nkw=1852862912&_sacat=0&_sop=15&LH_BIN=1&LH_PrefLoc=1&rt=nc&LH_ItemCondition=4,Paperback,1852862912
Swamp Thing: The New 52 Omnibus,https://www.ebay.co.uk/sch/i.html?_from=R40&_nkw=177950814X&_sacat=0&_sop=15&LH_ItemCondition=3&LH_PrefLoc=2&rt=nc&LH_BIN=1,https://www.ebay.co.uk/sch/i.html?_from=R40&_nkw=177950814X&_sacat=0&_sop=15&LH_BIN=1&LH_PrefLoc=1&rt=nc&LH_ItemCondition=4,Hardcover,177950814X
"John Constantine, Hellblazer 24: Sectioned",https://www.ebay.co.uk/sch/i.html?_from=R40&_nkw=1779509529&_sacat=0&_sop=15&LH_ItemCondition=3&LH_PrefLoc=2&rt=nc&LH_BIN=1,https://www.ebay.co.uk/sch/i.html?_from=R40&_nkw=1779509529&_sacat=0&_sop=15&LH_BIN=1&LH_PrefLoc=1&rt=nc&LH_ItemCondition=4,Paperback,1779509529
A Scandal In Bohemia: A Sherlock Holmes Graphic Novel,https://www.ebay.co.uk/sch/i.html?_from=R40&_nkw=1780926804&_sacat=0&_sop=15&LH_ItemCondition=3&LH_PrefLoc=2&rt=nc&LH_BIN=1,https://www.ebay.co.uk/sch/i.html?_from=R40&_nkw=1780926804&_sacat=0&_sop=15&LH_BIN=1&LH_PrefLoc=1&rt=nc&LH_ItemCondition=4,Paperback,1780926804
Starblazer: Space Fiction Adventures in Pictures: 1,https://www.ebay.co.uk/sch/i.html?_from=R40&_nkw=184535799X&_sacat=0&_sop=15&LH_ItemCondition=3&LH_PrefLoc=2&rt=nc&LH_BIN=1,https://www.ebay.co.uk/sch/i.html?_from=R40&_nkw=184535799X&_sacat=0&_sop=15&LH_BIN=1&LH_PrefLoc=1&rt=nc&LH_ItemCondition=4,Paperback,184535799X
Batman: Killing Joke,https://www.ebay.co.uk/sch/i.html?_from=R40&_nkw=1852860820&_sacat=0&_sop=15&LH_ItemCondition=3&LH_PrefLoc=2&rt=nc&LH_BIN=1,https://www.ebay.co.uk/sch/i.html?_from=R40&_nkw=1852860820&_sacat=0&_sop=15&LH_BIN=1&LH_PrefLoc=1&rt=nc&LH_ItemCondition=4,Paperback,1852860820
100% Biodegradable Comic Collection 2,https://www.ebay.co.uk/sch/i.html?_from=R40&_nkw=1798278278&_sacat=0&_sop=15&LH_ItemCondition=3&LH_PrefLoc=2&rt=nc&LH_BIN=1,https://www.ebay.co.uk/sch/i.html?_from=R40&_nkw=1798278278&_sacat=0&_sop=15&LH_BIN=1&LH_PrefLoc=1&rt=nc&LH_ItemCondition=4,Paperback,1798278278
Batman: Long Halloween,https://www.ebay.co.uk/sch/i.html?_from=R40&_nkw=1840230541&_sacat=0&_sop=15&LH_ItemCondition=3&LH_PrefLoc=2&rt=nc&LH_BIN=1,https://www.ebay.co.uk/sch/i.html?_from=R40&_nkw=1840230541&_sacat=0&_sop=15&LH_BIN=1&LH_PrefLoc=1&rt=nc&LH_ItemCondition=4,Paperback,1840230541
Batman: Contagion,https://www.ebay.co.uk/sch/i.html?_from=R40&_nkw=1852867329&_sacat=0&_sop=15&LH_ItemCondition=3&LH_PrefLoc=2&rt=nc&LH_BIN=1,https://www.ebay.co.uk/sch/i.html?_from=R40&_nkw=1852867329&_sacat=0&_sop=15&LH_BIN=1&LH_PrefLoc=1&rt=nc&LH_ItemCondition=4,Paperback,1852867329
Sugar Skull,https://www.ebay.co.uk/sch/i.html?_from=R40&_nkw=0307907902&_sacat=0&_sop=15&LH_ItemCondition=3&LH_PrefLoc=2&rt=nc&LH_BIN=1,https://www.ebay.co.uk/sch/i.html?_from=R40&_nkw=0307907902&_sacat=0&_sop=15&LH_BIN=1&LH_PrefLoc=1&rt=nc&LH_ItemCondition=4,Hardcover,0307907902
100% Biodegradable Comic Collection 3,https://www.ebay.co.uk/sch/i.html?_from=R40&_nkw=1090937288&_sacat=0&_sop=15&LH_ItemCondition=3&LH_PrefLoc=2&rt=nc&LH_BIN=1,https://www.ebay.co.uk/sch/i.html?_from=R40&_nkw=1090937288&_sacat=0&_sop=15&LH_BIN=1&LH_PrefLoc=1&rt=nc&LH_ItemCondition=4,Paperback,1090937288
Kingdom Come (DC Comics),https://www.ebay.co.uk/sch/i.html?_from=R40&_nkw=1852868163&_sacat=0&_sop=15&LH_ItemCondition=3&LH_PrefLoc=2&rt=nc&LH_BIN=1,https://www.ebay.co.uk/sch/i.html?_from=R40&_nkw=1852868163&_sacat=0&_sop=15&LH_BIN=1&LH_PrefLoc=1&rt=nc&LH_ItemCondition=4,Paperback,1852868163
Batman Arkham: Talia Al Ghul,https://www.ebay.co.uk/sch/i.html?_from=R40&_nkw=1779509154&_sacat=0&_sop=15&LH_ItemCondition=3&LH_PrefLoc=2&rt=nc&LH_BIN=1,https://www.ebay.co.uk/sch/i.html?_from=R40&_nkw=1779509154&_sacat=0&_sop=15&LH_BIN=1&LH_PrefLoc=1&rt=nc&LH_ItemCondition=4,Paperback,1779509154
100% Biodegradable Comic Collection 5,https://www.ebay.co.uk/sch/i.html?_from=R40&_nkw=107052171X&_sacat=0&_sop=15&LH_ItemCondition=3&LH_PrefLoc=2&rt=nc&LH_BIN=1,https://www.ebay.co.uk/sch/i.html?_from=R40&_nkw=107052171X&_sacat=0&_sop=15&LH_BIN=1&LH_PrefLoc=1&rt=nc&LH_ItemCondition=4,Paperback,107052171X
Batman: Arkham Asylum,https://www.ebay.co.uk/sch/i.html?_from=R40&_nkw=1852862807&_sacat=0&_sop=15&LH_ItemCondition=3&LH_PrefLoc=2&rt=nc&LH_BIN=1,https://www.ebay.co.uk/sch/i.html?_from=R40&_nkw=1852862807&_sacat=0&_sop=15&LH_BIN=1&LH_PrefLoc=1&rt=nc&LH_ItemCondition=4,Paperback,1852862807
Dominion over Man,https://www.ebay.co.uk/sch/i.html?_from=R40&_nkw=3947494017&_sacat=0&_sop=15&LH_ItemCondition=3&LH_PrefLoc=2&rt=nc&LH_BIN=1,https://www.ebay.co.uk/sch/i.html?_from=R40&_nkw=3947494017&_sacat=0&_sop=15&LH_BIN=1&LH_PrefLoc=1&rt=nc&LH_ItemCondition=4,Paperback,3947494017
100% Biodegradable Comic Collection 4,https://www.ebay.co.uk/sch/i.html?_from=R40&_nkw=1095145738&_sacat=0&_sop=15&LH_ItemCondition=3&LH_PrefLoc=2&rt=nc&LH_BIN=1,https://www.ebay.co.uk/sch/i.html?_from=R40&_nkw=1095145738&_sacat=0&_sop=15&LH_BIN=1&LH_PrefLoc=1&rt=nc&LH_ItemCondition=4,Paperback,1095145738
The Complete Concrete,https://www.ebay.co.uk/sch/i.html?_from=R40&_nkw=1569710376&_sacat=0&_sop=15&LH_ItemCondition=3&LH_PrefLoc=2&rt=nc&LH_BIN=1,https://www.ebay.co.uk/sch/i.html?_from=R40&_nkw=1569710376&_sacat=0&_sop=15&LH_BIN=1&LH_PrefLoc=1&rt=nc&LH_ItemCondition=4,Paperback,1569710376
Boom Bandits,https://www.ebay.co.uk/sch/i.html?_from=R40&_nkw=1838421300&_sacat=0&_sop=15&LH_ItemCondition=3&LH_PrefLoc=2&rt=nc&LH_BIN=1,https://www.ebay.co.uk/sch/i.html?_from=R40&_nkw=1838421300&_sacat=0&_sop=15&LH_BIN=1&LH_PrefLoc=1&rt=nc&LH_ItemCondition=4,Paperback,1838421300
Black Orchid,https://www.ebay.co.uk/sch/i.html?_from=R40&_nkw=1852863366&_sacat=0&_sop=15&LH_ItemCondition=3&LH_PrefLoc=2&rt=nc&LH_BIN=1,https://www.ebay.co.uk/sch/i.html?_from=R40&_nkw=1852863366&_sacat=0&_sop=15&LH_BIN=1&LH_PrefLoc=1&rt=nc&LH_ItemCondition=4,Paperback,1852863366
"Batman: No Man's Land, Volume 2",https://www.ebay.co.uk/sch/i.html?_from=R40&_nkw=1840231580&_sacat=0&_sop=15&LH_ItemCondition=3&LH_PrefLoc=2&rt=nc&LH_BIN=1,https://www.ebay.co.uk/sch/i.html?_from=R40&_nkw=1840231580&_sacat=0&_sop=15&LH_BIN=1&LH_PrefLoc=1&rt=nc&LH_ItemCondition=4,Paperback,1840231580
Batman: Pt.2: Knightfall (Batman: Knightfall),https://www.ebay.co.uk/sch/i.html?_from=R40&_nkw=1852865164&_sacat=0&_sop=15&LH_ItemCondition=3&LH_PrefLoc=2&rt=nc&LH_BIN=1,https://www.ebay.co.uk/sch/i.html?_from=R40&_nkw=1852865164&_sacat=0&_sop=15&LH_BIN=1&LH_PrefLoc=1&rt=nc&LH_ItemCondition=4,Paperback,1852865164
"Artesia, Volume 1: The First Book Of Dooms",https://www.ebay.co.uk/sch/i.html?_from=R40&_nkw=1932386009&_sacat=0&_sop=15&LH_ItemCondition=3&LH_PrefLoc=2&rt=nc&LH_BIN=1,https://www.ebay.co.uk/sch/i.html?_from=R40&_nkw=1932386009&_sacat=0&_sop=15&LH_BIN=1&LH_PrefLoc=1&rt=nc&LH_ItemCondition=4,Paperback,1932386009
Batman: The Dark Knight Returns,https://www.ebay.co.uk/sch/i.html?_from=R40&_nkw=0907610900&_sacat=0&_sop=15&LH_ItemCondition=3&LH_PrefLoc=2&rt=nc&LH_BIN=1,https://www.ebay.co.uk/sch/i.html?_from=R40&_nkw=0907610900&_sacat=0&_sop=15&LH_BIN=1&LH_PrefLoc=1&rt=nc&LH_ItemCondition=4,Paperback,0907610900
Superman: The Trial of Superman (Superman S.),https://www.ebay.co.uk/sch/i.html?_from=R40&_nkw=1852868562&_sacat=0&_sop=15&LH_ItemCondition=3&LH_PrefLoc=2&rt=nc&LH_BIN=1,https://www.ebay.co.uk/sch/i.html?_from=R40&_nkw=1852868562&_sacat=0&_sop=15&LH_BIN=1&LH_PrefLoc=1&rt=nc&LH_ItemCondition=4,Paperback,1852868562
Boom Bandits: Volume 2,https://www.ebay.co.uk/sch/i.html?_from=R40&_nkw=183842136X&_sacat=0&_sop=15&LH_ItemCondition=3&LH_PrefLoc=2&rt=nc&LH_BIN=1,https://www.ebay.co.uk/sch/i.html?_from=R40&_nkw=183842136X&_sacat=0&_sop=15&LH_BIN=1&LH_PrefLoc=1&rt=nc&LH_ItemCondition=4,Paperback,183842136X
Compleat Moonshadow TP (Vertigo),https://www.ebay.co.uk/sch/i.html?_from=R40&_nkw=1563893436&_sacat=0&_sop=15&LH_ItemCondition=3&LH_PrefLoc=2&rt=nc&LH_BIN=1,https://www.ebay.co.uk/sch/i.html?_from=R40&_nkw=1563893436&_sacat=0&_sop=15&LH_BIN=1&LH_PrefLoc=1&rt=nc&LH_ItemCondition=4,Paperback,1563893436
BATMAN: Pt.1 (Batman: Knightfall),https://www.ebay.co.uk/sch/i.html?_from=R40&_nkw=1852865156&_sacat=0&_sop=15&LH_ItemCondition=3&LH_PrefLoc=2&rt=nc&LH_BIN=1,https://www.ebay.co.uk/sch/i.html?_from=R40&_nkw=1852865156&_sacat=0&_sop=15&LH_BIN=1&LH_PrefLoc=1&rt=nc&LH_ItemCondition=4,Paperback,1852865156
The Death of Superman (Caped Crusader Classics): v. 6 (Caped Crusader Classics S.),https://www.ebay.co.uk/sch/i.html?_from=R40&_nkw=185286480X&_sacat=0&_sop=15&LH_ItemCondition=3&LH_PrefLoc=2&rt=nc&LH_BIN=1,https://www.ebay.co.uk/sch/i.html?_from=R40&_nkw=185286480X&_sacat=0&_sop=15&LH_BIN=1&LH_PrefLoc=1&rt=nc&LH_ItemCondition=4,Paperback,185286480X
Superman: Doomsday Wars (Superman S.),https://www.ebay.co.uk/sch/i.html?_from=R40&_nkw=1840231246&_sacat=0&_sop=15&LH_ItemCondition=3&LH_PrefLoc=2&rt=nc&LH_BIN=1,https://www.ebay.co.uk/sch/i.html?_from=R40&_nkw=1840231246&_sacat=0&_sop=15&LH_BIN=1&LH_PrefLoc=1&rt=nc&LH_ItemCondition=4,Paperback,1840231246
Generations (Elseworlds S.),https://www.ebay.co.uk/sch/i.html?_from=R40&_nkw=1840231769&_sacat=0&_sop=15&LH_ItemCondition=3&LH_PrefLoc=2&rt=nc&LH_BIN=1,https://www.ebay.co.uk/sch/i.html?_from=R40&_nkw=1840231769&_sacat=0&_sop=15&LH_BIN=1&LH_PrefLoc=1&rt=nc&LH_ItemCondition=4,Paperback,1840231769
Batman: Cataclysm,https://www.ebay.co.uk/sch/i.html?_from=R40&_nkw=1840230959&_sacat=0&_sop=15&LH_ItemCondition=3&LH_PrefLoc=2&rt=nc&LH_BIN=1,https://www.ebay.co.uk/sch/i.html?_from=R40&_nkw=1840230959&_sacat=0&_sop=15&LH_BIN=1&LH_PrefLoc=1&rt=nc&LH_ItemCondition=4,Paperback,1840230959
Stardust,https://www.ebay.co.uk/sch/i.html?_from=R40&_nkw=1840230525&_sacat=0&_sop=15&LH_ItemCondition=3&LH_PrefLoc=2&rt=nc&LH_BIN=1,https://www.ebay.co.uk/sch/i.html?_from=R40&_nkw=1840230525&_sacat=0&_sop=15&LH_BIN=1&LH_PrefLoc=1&rt=nc&LH_ItemCondition=4,Paperback,1840230525
DC Comics The Legend of Batman - Batman Eternal Part 1 - Special 1,https://www.ebay.co.uk/sch/i.html?_from=R40&_nkw=1858755832&_sacat=0&_sop=15&LH_ItemCondition=3&LH_PrefLoc=2&rt=nc&LH_BIN=1,https://www.ebay.co.uk/sch/i.html?_from=R40&_nkw=1858755832&_sacat=0&_sop=15&LH_BIN=1&LH_PrefLoc=1&rt=nc&LH_ItemCondition=4,Hardcover,1858755832
DC Comics The Legend of Batman - Dark Knight III: The Master Race - Upsell 5,https://www.ebay.co.uk/sch/i.html?_from=R40&_nkw=1801262098&_sacat=0&_sop=15&LH_ItemCondition=3&LH_PrefLoc=2&rt=nc&LH_BIN=1,https://www.ebay.co.uk/sch/i.html?_from=R40&_nkw=1801262098&_sacat=0&_sop=15&LH_BIN=1&LH_PrefLoc=1&rt=nc&LH_ItemCondition=4,Hardcover,1801262098
East West Street: Winner of the Baillie Gifford Prize,https://www.ebay.co.uk/sch/i.html?_from=R40&_nkw=147460191X&_sacat=0&_sop=15&LH_ItemCondition=3&LH_PrefLoc=2&rt=nc&LH_BIN=1,https://www.ebay.co.uk/sch/i.html?_from=R40&_nkw=147460191X&_sacat=0&_sop=15&LH_BIN=1&LH_PrefLoc=1&rt=nc&LH_ItemCondition=4,Paperback,147460191X
The Ten Legal Cases That Made Modern Britain,https://www.ebay.co.uk/sch/i.html?_from=R40&_nkw=1785906623&_sacat=0&_sop=15&LH_ItemCondition=3&LH_PrefLoc=2&rt=nc&LH_BIN=1,https://www.ebay.co.uk/sch/i.html?_from=R40&_nkw=1785906623&_sacat=0&_sop=15&LH_BIN=1&LH_PrefLoc=1&rt=nc&LH_ItemCondition=4,Hardcover,1785906623
The Juryman's Tale,https://www.ebay.co.uk/sch/i.html?_from=R40&_nkw=0747545588&_sacat=0&_sop=15&LH_ItemCondition=3&LH_PrefLoc=2&rt=nc&LH_BIN=1,https://www.ebay.co.uk/sch/i.html?_from=R40&_nkw=0747545588&_sacat=0&_sop=15&LH_BIN=1&LH_PrefLoc=1&rt=nc&LH_ItemCondition=4,Paperback,0747545588
Is Eating People Wrong?: Great Legal Cases and How they Shaped the World,https://www.ebay.co.uk/sch/i.html?_from=R40&_nkw=0521188512&_sacat=0&_sop=15&LH_ItemCondition=3&LH_PrefLoc=2&rt=nc&LH_BIN=1,https://www.ebay.co.uk/sch/i.html?_from=R40&_nkw=0521188512&_sacat=0&_sop=15&LH_BIN=1&LH_PrefLoc=1&rt=nc&LH_ItemCondition=4,Paperback,0521188512
A History of Political Trials; From Charles I to Charles Taylor,https://www.ebay.co.uk/sch/i.html?_from=R40&_nkw=1906165521&_sacat=0&_sop=15&LH_ItemCondition=3&LH_PrefLoc=2&rt=nc&LH_BIN=1,https://www.ebay.co.uk/sch/i.html?_from=R40&_nkw=1906165521&_sacat=0&_sop=15&LH_BIN=1&LH_PrefLoc=1&rt=nc&LH_ItemCondition=4,Paperback,1906165521
The Cheese and the Worms: The Cosmos of a Sixteenth-Century Miller,https://www.ebay.co.uk/sch/i.html?_from=R40&_nkw=1421409887&_sacat=0&_sop=15&LH_ItemCondition=3&LH_PrefLoc=2&rt=nc&LH_BIN=1,https://www.ebay.co.uk/sch/i.html?_from=R40&_nkw=1421409887&_sacat=0&_sop=15&LH_BIN=1&LH_PrefLoc=1&rt=nc&LH_ItemCondition=4,Paperback,1421409887
Ruth Bader Ginsburg: a life,https://www.ebay.co.uk/sch/i.html?_from=R40&_nkw=1913348490&_sacat=0&_sop=15&LH_ItemCondition=3&LH_PrefLoc=2&rt=nc&LH_BIN=1,https://www.ebay.co.uk/sch/i.html?_from=R40&_nkw=1913348490&_sacat=0&_sop=15&LH_BIN=1&LH_PrefLoc=1&rt=nc&LH_ItemCondition=4,Paperback,1913348490
Brehon Laws: A Legal Handbook,https://www.ebay.co.uk/sch/i.html?_from=R40&_nkw=1528770544&_sacat=0&_sop=15&LH_ItemCondition=3&LH_PrefLoc=2&rt=nc&LH_BIN=1,https://www.ebay.co.uk/sch/i.html?_from=R40&_nkw=1528770544&_sacat=0&_sop=15&LH_BIN=1&LH_PrefLoc=1&rt=nc&LH_ItemCondition=4,Hardcover,1528770544
The Ticket Collector from Belarus: An Extraordinary True Story of Britain's Only War Crimes Trial,https://www.ebay.co.uk/sch/i.html?_from=R40&_nkw=1398503274&_sacat=0&_sop=15&LH_ItemCondition=3&LH_PrefLoc=2&rt=nc&LH_BIN=1,https://www.ebay.co.uk/sch/i.html?_from=R40&_nkw=1398503274&_sacat=0&_sop=15&LH_BIN=1&LH_PrefLoc=1&rt=nc&LH_ItemCondition=4,Hardcover,1398503274
Christianity and Freedom: Volume 2: Contemporary Perspectives (Law and Christianity),https://www.ebay.co.uk/sch/i.html?_from=R40&_nkw=1107561884&_sacat=0&_sop=15&LH_ItemCondition=3&LH_PrefLoc=2&rt=nc&LH_BIN=1,https://www.ebay.co.uk/sch/i.html?_from=R40&_nkw=1107561884&_sacat=0&_sop=15&LH_BIN=1&LH_PrefLoc=1&rt=nc&LH_ItemCondition=4,Paperback,1107561884
Disorder in the Court: Great Fractured Moments in Courtroom History,https://www.ebay.co.uk/sch/i.html?_from=R40&_nkw=0393319288&_sacat=0&_sop=15&LH_ItemCondition=3&LH_PrefLoc=2&rt=nc&LH_BIN=1,https://www.ebay.co.uk/sch/i.html?_from=R40&_nkw=0393319288&_sacat=0&_sop=15&LH_BIN=1&LH_PrefLoc=1&rt=nc&LH_ItemCondition=4,Paperback,0393319288
Landmark Cases in Revenue Law,https://www.ebay.co.uk/sch/i.html?_from=R40&_nkw=1509945229&_sacat=0&_sop=15&LH_ItemCondition=3&LH_PrefLoc=2&rt=nc&LH_BIN=1,https://www.ebay.co.uk/sch/i.html?_from=R40&_nkw=1509945229&_sacat=0&_sop=15&LH_BIN=1&LH_PrefLoc=1&rt=nc&LH_ItemCondition=4,Paperback,1509945229
The Ticket Collector from Belarus: An Extraordinary True Story of Britain's Only War Crimes Trial,https://www.ebay.co.uk/sch/i.html?_from=R40&_nkw=1398503290&_sacat=0&_sop=15&LH_ItemCondition=3&LH_PrefLoc=2&rt=nc&LH_BIN=1,https://www.ebay.co.uk/sch/i.html?_from=R40&_nkw=1398503290&_sacat=0&_sop=15&LH_BIN=1&LH_PrefLoc=1&rt=nc&LH_ItemCondition=4,Paperback,1398503290
Travesty: The Trial of Slobodan Milosevic and the Corruption of International Justice,https://www.ebay.co.uk/sch/i.html?_from=R40&_nkw=0745326358&_sacat=0&_sop=15&LH_ItemCondition=3&LH_PrefLoc=2&rt=nc&LH_BIN=1,https://www.ebay.co.uk/sch/i.html?_from=R40&_nkw=0745326358&_sacat=0&_sop=15&LH_BIN=1&LH_PrefLoc=1&rt=nc&LH_ItemCondition=4,Paperback,0745326358
Law: A Very Short Introduction 2/e (Very Short Introductions),https://www.ebay.co.uk/sch/i.html?_from=R40&_nkw=0198745621&_sacat=0&_sop=15&LH_ItemCondition=3&LH_PrefLoc=2&rt=nc&LH_BIN=1,https://www.ebay.co.uk/sch/i.html?_from=R40&_nkw=0198745621&_sacat=0&_sop=15&LH_BIN=1&LH_PrefLoc=1&rt=nc&LH_ItemCondition=4,Paperback,0198745621
The Angel Makers: The True Crime Story of the Most Astonishing Murder Ring in History,https://www.ebay.co.uk/sch/i.html?_from=R40&_nkw=0008579539&_sacat=0&_sop=15&LH_ItemCondition=3&LH_PrefLoc=2&rt=nc&LH_BIN=1,https://www.ebay.co.uk/sch/i.html?_from=R40&_nkw=0008579539&_sacat=0&_sop=15&LH_BIN=1&LH_PrefLoc=1&rt=nc&LH_ItemCondition=4,Hardcover,0008579539
Early Greek Law,https://www.ebay.co.uk/sch/i.html?_from=R40&_nkw=0520066022&_sacat=0&_sop=15&LH_ItemCondition=3&LH_PrefLoc=2&rt=nc&LH_BIN=1,https://www.ebay.co.uk/sch/i.html?_from=R40&_nkw=0520066022&_sacat=0&_sop=15&LH_BIN=1&LH_PrefLoc=1&rt=nc&LH_ItemCondition=4,Paperback,0520066022
Law and Legal Theory in England and America (Clarendon Law Lectures),https://www.ebay.co.uk/sch/i.html?_from=R40&_nkw=0198264712&_sacat=0&_sop=15&LH_ItemCondition=3&LH_PrefLoc=2&rt=nc&LH_BIN=1,https://www.ebay.co.uk/sch/i.html?_from=R40&_nkw=0198264712&_sacat=0&_sop=15&LH_BIN=1&LH_PrefLoc=1&rt=nc&LH_ItemCondition=4,Hardcover,0198264712
Court Number One: The Old Bailey Trials that Defined Modern Britain,https://www.ebay.co.uk/sch/i.html?_from=R40&_nkw=1473651611&_sacat=0&_sop=15&LH_ItemCondition=3&LH_PrefLoc=2&rt=nc&LH_BIN=1,https://www.ebay.co.uk/sch/i.html?_from=R40&_nkw=1473651611&_sacat=0&_sop=15&LH_BIN=1&LH_PrefLoc=1&rt=nc&LH_ItemCondition=4,Hardcover,1473651611
The Problem of Immigration in a Slaveholding Republic: Policing Mobility in the Nineteenth-Century United States,https://www.ebay.co.uk/sch/i.html?_from=R40&_nkw=0197580084&_sacat=0&_sop=15&LH_ItemCondition=3&LH_PrefLoc=2&rt=nc&LH_BIN=1,https://www.ebay.co.uk/sch/i.html?_from=R40&_nkw=0197580084&_sacat=0&_sop=15&LH_BIN=1&LH_PrefLoc=1&rt=nc&LH_ItemCondition=4,Hardcover,0197580084
Jurisprudence Essentials (Law Essentials),https://www.ebay.co.uk/sch/i.html?_from=R40&_nkw=1845861094&_sacat=0&_sop=15&LH_ItemCondition=3&LH_PrefLoc=2&rt=nc&LH_BIN=1,https://www.ebay.co.uk/sch/i.html?_from=R40&_nkw=1845861094&_sacat=0&_sop=15&LH_BIN=1&LH_PrefLoc=1&rt=nc&LH_ItemCondition=4,Paperback,1845861094
The Foundation of Norms in Islamic Jurisprudence and Theology,https://www.ebay.co.uk/sch/i.html?_from=R40&_nkw=1108701477&_sacat=0&_sop=15&LH_ItemCondition=3&LH_PrefLoc=2&rt=nc&LH_BIN=1,https://www.ebay.co.uk/sch/i.html?_from=R40&_nkw=1108701477&_sacat=0&_sop=15&LH_BIN=1&LH_PrefLoc=1&rt=nc&LH_ItemCondition=4,Paperback,1108701477
The Apology of Socrates: Adapted for the Contemporary Reader: 6 (Harris Classics),https://www.ebay.co.uk/sch/i.html?_from=R40&_nkw=1549831739&_sacat=0&_sop=15&LH_ItemCondition=3&LH_PrefLoc=2&rt=nc&LH_BIN=1,https://www.ebay.co.uk/sch/i.html?_from=R40&_nkw=1549831739&_sacat=0&_sop=15&LH_BIN=1&LH_PrefLoc=1&rt=nc&LH_ItemCondition=4,Paperback,1549831739
The Arms Crisis of 1970: The Plot that Never Was,https://www.ebay.co.uk/sch/i.html?_from=R40&_nkw=1789545609&_sacat=0&_sop=15&LH_ItemCondition=3&LH_PrefLoc=2&rt=nc&LH_BIN=1,https://www.ebay.co.uk/sch/i.html?_from=R40&_nkw=1789545609&_sacat=0&_sop=15&LH_BIN=1&LH_PrefLoc=1&rt=nc&LH_ItemCondition=4,Paperback,1789545609
In a Different Time: The inside story of the Delmas four,https://www.ebay.co.uk/sch/i.html?_from=R40&_nkw=1415200491&_sacat=0&_sop=15&LH_ItemCondition=3&LH_PrefLoc=2&rt=nc&LH_BIN=1,https://www.ebay.co.uk/sch/i.html?_from=R40&_nkw=1415200491&_sacat=0&_sop=15&LH_BIN=1&LH_PrefLoc=1&rt=nc&LH_ItemCondition=4,Paperback,1415200491
"Judging Iran: A Memoir of the Hague, the White House, and Life on the Front Line of International Justice",https://www.ebay.co.uk/sch/i.html?_from=R40&_nkw=1633310701&_sacat=0&_sop=15&LH_ItemCondition=3&LH_PrefLoc=2&rt=nc&LH_BIN=1,https://www.ebay.co.uk/sch/i.html?_from=R40&_nkw=1633310701&_sacat=0&_sop=15&LH_BIN=1&LH_PrefLoc=1&rt=nc&LH_ItemCondition=4,Hardcover,1633310701
Wild Beasts and Idle Humors: The Insanity Defense from Antiquity to the Present,https://www.ebay.co.uk/sch/i.html?_from=R40&_nkw=0674952901&_sacat=0&_sop=15&LH_ItemCondition=3&LH_PrefLoc=2&rt=nc&LH_BIN=1,https://www.ebay.co.uk/sch/i.html?_from=R40&_nkw=0674952901&_sacat=0&_sop=15&LH_BIN=1&LH_PrefLoc=1&rt=nc&LH_ItemCondition=4,Paperback,0674952901
Courting Death: The Supreme Court and Capital Punishment,https://www.ebay.co.uk/sch/i.html?_from=R40&_nkw=0674737423&_sacat=0&_sop=15&LH_ItemCondition=3&LH_PrefLoc=2&rt=nc&LH_BIN=1,https://www.ebay.co.uk/sch/i.html?_from=R40&_nkw=0674737423&_sacat=0&_sop=15&LH_BIN=1&LH_PrefLoc=1&rt=nc&LH_ItemCondition=4,Hardcover,0674737423
Environmental Law: A Very Short Introduction (Very Short Introductions),https://www.ebay.co.uk/sch/i.html?_from=R40&_nkw=0198794185&_sacat=0&_sop=15&LH_ItemCondition=3&LH_PrefLoc=2&rt=nc&LH_BIN=1,https://www.ebay.co.uk/sch/i.html?_from=R40&_nkw=0198794185&_sacat=0&_sop=15&LH_BIN=1&LH_PrefLoc=1&rt=nc&LH_ItemCondition=4,Paperback,0198794185
"Sovereignty, Property and Empire, 1500–2000: 107 (Ideas in Context, Series Number 107)",https://www.ebay.co.uk/sch/i.html?_from=R40&_nkw=1107433665&_sacat=0&_sop=15&LH_ItemCondition=3&LH_PrefLoc=2&rt=nc&LH_BIN=1,https://www.ebay.co.uk/sch/i.html?_from=R40&_nkw=1107433665&_sacat=0&_sop=15&LH_BIN=1&LH_PrefLoc=1&rt=nc&LH_ItemCondition=4,Paperback,1107433665
"Lord Denning: Life, Law and Legacy",https://www.ebay.co.uk/sch/i.html?_from=R40&_nkw=0854902945&_sacat=0&_sop=15&LH_ItemCondition=3&LH_PrefLoc=2&rt=nc&LH_BIN=1,https://www.ebay.co.uk/sch/i.html?_from=R40&_nkw=0854902945&_sacat=0&_sop=15&LH_BIN=1&LH_PrefLoc=1&rt=nc&LH_ItemCondition=4,Hardcover,0854902945
The Old Munster Circuit (Wildy Classics Series),https://www.ebay.co.uk/sch/i.html?_from=R40&_nkw=0854901574&_sacat=0&_sop=15&LH_ItemCondition=3&LH_PrefLoc=2&rt=nc&LH_BIN=1,https://www.ebay.co.uk/sch/i.html?_from=R40&_nkw=0854901574&_sacat=0&_sop=15&LH_BIN=1&LH_PrefLoc=1&rt=nc&LH_ItemCondition=4,Paperback,0854901574
The Law Book: Big Ideas Simply Explained,https://www.ebay.co.uk/sch/i.html?_from=R40&_nkw=0241410193&_sacat=0&_sop=15&LH_ItemCondition=3&LH_PrefLoc=2&rt=nc&LH_BIN=1,https://www.ebay.co.uk/sch/i.html?_from=R40&_nkw=0241410193&_sacat=0&_sop=15&LH_BIN=1&LH_PrefLoc=1&rt=nc&LH_ItemCondition=4,Hardcover,0241410193
Pocket Magna Carta – 1217 Text and Translation,https://www.ebay.co.uk/sch/i.html?_from=R40&_nkw=1851244522&_sacat=0&_sop=15&LH_ItemCondition=3&LH_PrefLoc=2&rt=nc&LH_BIN=1,https://www.ebay.co.uk/sch/i.html?_from=R40&_nkw=1851244522&_sacat=0&_sop=15&LH_BIN=1&LH_PrefLoc=1&rt=nc&LH_ItemCondition=4,Hardcover,1851244522
The Bramble Bush: On Our Law and Its Study,https://www.ebay.co.uk/sch/i.html?_from=R40&_nkw=1610278046&_sacat=0&_sop=15&LH_ItemCondition=3&LH_PrefLoc=2&rt=nc&LH_BIN=1,https://www.ebay.co.uk/sch/i.html?_from=R40&_nkw=1610278046&_sacat=0&_sop=15&LH_BIN=1&LH_PrefLoc=1&rt=nc&LH_ItemCondition=4,Paperback,1610278046
Harry Roberts and Foxtrot One-One: The Shepherd's Bush Massacre,https://www.ebay.co.uk/sch/i.html?_from=R40&_nkw=1909976474&_sacat=0&_sop=15&LH_ItemCondition=3&LH_PrefLoc=2&rt=nc&LH_BIN=1,https://www.ebay.co.uk/sch/i.html?_from=R40&_nkw=1909976474&_sacat=0&_sop=15&LH_BIN=1&LH_PrefLoc=1&rt=nc&LH_ItemCondition=4,Paperback,1909976474
New Democracy: The Creation of the Modern American State,https://www.ebay.co.uk/sch/i.html?_from=R40&_nkw=0674260449&_sacat=0&_sop=15&LH_ItemCondition=3&LH_PrefLoc=2&rt=nc&LH_BIN=1,https://www.ebay.co.uk/sch/i.html?_from=R40&_nkw=0674260449&_sacat=0&_sop=15&LH_BIN=1&LH_PrefLoc=1&rt=nc&LH_ItemCondition=4,Hardcover,0674260449
"The Chevron Doctrine: Its Rise and Fall, and the Future of the Administrative State",https://www.ebay.co.uk/sch/i.html?_from=R40&_nkw=0674260457&_sacat=0&_sop=15&LH_ItemCondition=3&LH_PrefLoc=2&rt=nc&LH_BIN=1,https://www.ebay.co.uk/sch/i.html?_from=R40&_nkw=0674260457&_sacat=0&_sop=15&LH_BIN=1&LH_PrefLoc=1&rt=nc&LH_ItemCondition=4,Hardcover,0674260457
The Snail and the Ginger Beer: The Singular Case of Donoghue v Stevenson,https://www.ebay.co.uk/sch/i.html?_from=R40&_nkw=0854900497&_sacat=0&_sop=15&LH_ItemCondition=3&LH_PrefLoc=2&rt=nc&LH_BIN=1,https://www.ebay.co.uk/sch/i.html?_from=R40&_nkw=0854900497&_sacat=0&_sop=15&LH_BIN=1&LH_PrefLoc=1&rt=nc&LH_ItemCondition=4,Hardcover,0854900497
Law and the Whirligig of Time,https://www.ebay.co.uk/sch/i.html?_from=R40&_nkw=1509917098&_sacat=0&_sop=15&LH_ItemCondition=3&LH_PrefLoc=2&rt=nc&LH_BIN=1,https://www.ebay.co.uk/sch/i.html?_from=R40&_nkw=1509917098&_sacat=0&_sop=15&LH_BIN=1&LH_PrefLoc=1&rt=nc&LH_ItemCondition=4,Hardcover,1509917098
Licensed to Lie,https://www.ebay.co.uk/sch/i.html?_from=R40&_nkw=1732767602&_sacat=0&_sop=15&LH_ItemCondition=3&LH_PrefLoc=2&rt=nc&LH_BIN=1,https://www.ebay.co.uk/sch/i.html?_from=R40&_nkw=1732767602&_sacat=0&_sop=15&LH_BIN=1&LH_PrefLoc=1&rt=nc&LH_ItemCondition=4,Paperback,1732767602
"King's Inns and the Kingdom of Ireland: Irish Inn of Court, 1541-1800 (Irish legal history)",https://www.ebay.co.uk/sch/i.html?_from=R40&_nkw=0716524724&_sacat=0&_sop=15&LH_ItemCondition=3&LH_PrefLoc=2&rt=nc&LH_BIN=1,https://www.ebay.co.uk/sch/i.html?_from=R40&_nkw=0716524724&_sacat=0&_sop=15&LH_BIN=1&LH_PrefLoc=1&rt=nc&LH_ItemCondition=4,Hardcover,0716524724
"The Dinosaur Artist: Obsession, Science, and the Global Quest for Fossils",https://www.ebay.co.uk/sch/i.html?_from=R40&_nkw=0316382515&_sacat=0&_sop=15&LH_ItemCondition=3&LH_PrefLoc=2&rt=nc&LH_BIN=1,https://www.ebay.co.uk/sch/i.html?_from=R40&_nkw=0316382515&_sacat=0&_sop=15&LH_BIN=1&LH_PrefLoc=1&rt=nc&LH_ItemCondition=4,Paperback,0316382515
The Family Roe: An American Story,https://www.ebay.co.uk/sch/i.html?_from=R40&_nkw=1324036079&_sacat=0&_sop=15&LH_ItemCondition=3&LH_PrefLoc=2&rt=nc&LH_BIN=1,https://www.ebay.co.uk/sch/i.html?_from=R40&_nkw=1324036079&_sacat=0&_sop=15&LH_BIN=1&LH_PrefLoc=1&rt=nc&LH_ItemCondition=4,Paperback,1324036079
The Rule of Law Under Siege: Selected Essays of Franz L. Neumann and Otto Kirchheimer: 9 (Weimar & Now: German Cultural Criticism),https://www.ebay.co.uk/sch/i.html?_from=R40&_nkw=0520203798&_sacat=0&_sop=15&LH_ItemCondition=3&LH_PrefLoc=2&rt=nc&LH_BIN=1,https://www.ebay.co.uk/sch/i.html?_from=R40&_nkw=0520203798&_sacat=0&_sop=15&LH_BIN=1&LH_PrefLoc=1&rt=nc&LH_ItemCondition=4,Hardcover,0520203798
Hear No Evil: Shortlisted for the CWA Historical Dagger 2023,https://www.ebay.co.uk/sch/i.html?_from=R40&_nkw=1529369118&_sacat=0&_sop=15&LH_ItemCondition=3&LH_PrefLoc=2&rt=nc&LH_BIN=1,https://www.ebay.co.uk/sch/i.html?_from=R40&_nkw=1529369118&_sacat=0&_sop=15&LH_BIN=1&LH_PrefLoc=1&rt=nc&LH_ItemCondition=4,Paperback,1529369118
Borkowski's Textbook on Roman Law,https://www.ebay.co.uk/sch/i.html?_from=R40&_nkw=0198848013&_sacat=0&_sop=15&LH_ItemCondition=3&LH_PrefLoc=2&rt=nc&LH_BIN=1,https://www.ebay.co.uk/sch/i.html?_from=R40&_nkw=0198848013&_sacat=0&_sop=15&LH_BIN=1&LH_PrefLoc=1&rt=nc&LH_ItemCondition=4,Paperback,0198848013
"The Digest of Roman Law: Theft, Rapine, Damage and Insult (Penguin Classics)",https://www.ebay.co.uk/sch/i.html?_from=R40&_nkw=0140443436&_sacat=0&_sop=15&LH_ItemCondition=3&LH_PrefLoc=2&rt=nc&LH_BIN=1,https://www.ebay.co.uk/sch/i.html?_from=R40&_nkw=0140443436&_sacat=0&_sop=15&LH_BIN=1&LH_PrefLoc=1&rt=nc&LH_ItemCondition=4,Paperback,0140443436
Magna Carta: The True Story Behind the Charter,https://www.ebay.co.uk/sch/i.html?_from=R40&_nkw=1473610079&_sacat=0&_sop=15&LH_ItemCondition=3&LH_PrefLoc=2&rt=nc&LH_BIN=1,https://www.ebay.co.uk/sch/i.html?_from=R40&_nkw=1473610079&_sacat=0&_sop=15&LH_BIN=1&LH_PrefLoc=1&rt=nc&LH_ItemCondition=4,Paperback,1473610079
East West Street: on the origins of genocide and crimes against humanity: Non-fiction Book of the Year 2017,https://www.ebay.co.uk/sch/i.html?_from=R40&_nkw=1474601901&_sacat=0&_sop=15&LH_ItemCondition=3&LH_PrefLoc=2&rt=nc&LH_BIN=1,https://www.ebay.co.uk/sch/i.html?_from=R40&_nkw=1474601901&_sacat=0&_sop=15&LH_BIN=1&LH_PrefLoc=1&rt=nc&LH_ItemCondition=4,Hardcover,1474601901
The Reinvention of Magna Carta 1216–1616 (Cambridge Studies in English Legal History),https://www.ebay.co.uk/sch/i.html?_from=R40&_nkw=1316637573&_sacat=0&_sop=15&LH_ItemCondition=3&LH_PrefLoc=2&rt=nc&LH_BIN=1,https://www.ebay.co.uk/sch/i.html?_from=R40&_nkw=1316637573&_sacat=0&_sop=15&LH_BIN=1&LH_PrefLoc=1&rt=nc&LH_ItemCondition=4,Paperback,1316637573
The Lost Cause: The Trials of Frank and Jesse James,https://www.ebay.co.uk/sch/i.html?_from=R40&_nkw=1594161739&_sacat=0&_sop=15&LH_ItemCondition=3&LH_PrefLoc=2&rt=nc&LH_BIN=1,https://www.ebay.co.uk/sch/i.html?_from=R40&_nkw=1594161739&_sacat=0&_sop=15&LH_BIN=1&LH_PrefLoc=1&rt=nc&LH_ItemCondition=4,Hardcover,1594161739
"Foucault, Crime and Power: Problematisations of Crime in the Twentieth Century",https://www.ebay.co.uk/sch/i.html?_from=R40&_nkw=1138211230&_sacat=0&_sop=15&LH_ItemCondition=3&LH_PrefLoc=2&rt=nc&LH_BIN=1,https://www.ebay.co.uk/sch/i.html?_from=R40&_nkw=1138211230&_sacat=0&_sop=15&LH_BIN=1&LH_PrefLoc=1&rt=nc&LH_ItemCondition=4,Paperback,1138211230
The Welsh Law of Women,https://www.ebay.co.uk/sch/i.html?_from=R40&_nkw=1786831597&_sacat=0&_sop=15&LH_ItemCondition=3&LH_PrefLoc=2&rt=nc&LH_BIN=1,https://www.ebay.co.uk/sch/i.html?_from=R40&_nkw=1786831597&_sacat=0&_sop=15&LH_BIN=1&LH_PrefLoc=1&rt=nc&LH_ItemCondition=4,Paperback,1786831597
"Performing Power in Zimbabwe: Politics, Law, and the Courts since 2000: 155 (African Studies, Series Number 155)",https://www.ebay.co.uk/sch/i.html?_from=R40&_nkw=1009011790&_sacat=0&_sop=15&LH_ItemCondition=3&LH_PrefLoc=2&rt=nc&LH_BIN=1,https://www.ebay.co.uk/sch/i.html?_from=R40&_nkw=1009011790&_sacat=0&_sop=15&LH_BIN=1&LH_PrefLoc=1&rt=nc&LH_ItemCondition=4,Paperback,1009011790
The Rule of Laws: A 4000-year Quest to Order the World,https://www.ebay.co.uk/sch/i.html?_from=R40&_nkw=1788163036&_sacat=0&_sop=15&LH_ItemCondition=3&LH_PrefLoc=2&rt=nc&LH_BIN=1,https://www.ebay.co.uk/sch/i.html?_from=R40&_nkw=1788163036&_sacat=0&_sop=15&LH_BIN=1&LH_PrefLoc=1&rt=nc&LH_ItemCondition=4,Paperback,1788163036
"The Criminal Conversation of Mrs. Norton: Victorian England's ""Scandal of the Century"" and the Fallen Socialite Who Changed Women's Lives Forever",https://www.ebay.co.uk/sch/i.html?_from=R40&_nkw=1613748809&_sacat=0&_sop=15&LH_ItemCondition=3&LH_PrefLoc=2&rt=nc&LH_BIN=1,https://www.ebay.co.uk/sch/i.html?_from=R40&_nkw=1613748809&_sacat=0&_sop=15&LH_BIN=1&LH_PrefLoc=1&rt=nc&LH_ItemCondition=4,Hardcover,1613748809
MANIFEST MADNESS OMCLJ C: Mental Incapacity in the Criminal Law (Oxford Monographs on Criminal Law and Justice),https://www.ebay.co.uk/sch/i.html?_from=R40&_nkw=0199698597&_sacat=0&_sop=15&LH_ItemCondition=3&LH_PrefLoc=2&rt=nc&LH_BIN=1,https://www.ebay.co.uk/sch/i.html?_from=R40&_nkw=0199698597&_sacat=0&_sop=15&LH_BIN=1&LH_PrefLoc=1&rt=nc&LH_ItemCondition=4,Hardcover,0199698597
"The History Thieves: Secrets, Lies and the Shaping of a Modern Nation",https://www.ebay.co.uk/sch/i.html?_from=R40&_nkw=1846275857&_sacat=0&_sop=15&LH_ItemCondition=3&LH_PrefLoc=2&rt=nc&LH_BIN=1,https://www.ebay.co.uk/sch/i.html?_from=R40&_nkw=1846275857&_sacat=0&_sop=15&LH_BIN=1&LH_PrefLoc=1&rt=nc&LH_ItemCondition=4,Paperback,1846275857
"Church Courts, Sex and Marriage Eng (Past and Present Publications)",https://www.ebay.co.uk/sch/i.html?_from=R40&_nkw=0521386551&_sacat=0&_sop=15&LH_ItemCondition=3&LH_PrefLoc=2&rt=nc&LH_BIN=1,https://www.ebay.co.uk/sch/i.html?_from=R40&_nkw=0521386551&_sacat=0&_sop=15&LH_BIN=1&LH_PrefLoc=1&rt=nc&LH_ItemCondition=4,Paperback,0521386551
Women Waging Law in Elizabethan Eng (Cambridge Studies in Early Modern British History),https://www.ebay.co.uk/sch/i.html?_from=R40&_nkw=0521023254&_sacat=0&_sop=15&LH_ItemCondition=3&LH_PrefLoc=2&rt=nc&LH_BIN=1,https://www.ebay.co.uk/sch/i.html?_from=R40&_nkw=0521023254&_sacat=0&_sop=15&LH_BIN=1&LH_PrefLoc=1&rt=nc&LH_ItemCondition=4,Paperback,0521023254
Murder on the Middle Passage: The Trial of Captain Kimber,https://www.ebay.co.uk/sch/i.html?_from=R40&_nkw=1783274824&_sacat=0&_sop=15&LH_ItemCondition=3&LH_PrefLoc=2&rt=nc&LH_BIN=1,https://www.ebay.co.uk/sch/i.html?_from=R40&_nkw=1783274824&_sacat=0&_sop=15&LH_BIN=1&LH_PrefLoc=1&rt=nc&LH_ItemCondition=4,Paperback,1783274824
The Nuremberg Trial,https://www.ebay.co.uk/sch/i.html?_from=R40&_nkw=0571272738&_sacat=0&_sop=15&LH_ItemCondition=3&LH_PrefLoc=2&rt=nc&LH_BIN=1,https://www.ebay.co.uk/sch/i.html?_from=R40&_nkw=0571272738&_sacat=0&_sop=15&LH_BIN=1&LH_PrefLoc=1&rt=nc&LH_ItemCondition=4,Paperback,0571272738
Sex and Punishment: Four Thousand Years of Judging Desire,https://www.ebay.co.uk/sch/i.html?_from=R40&_nkw=1908906103&_sacat=0&_sop=15&LH_ItemCondition=3&LH_PrefLoc=2&rt=nc&LH_BIN=1,https://www.ebay.co.uk/sch/i.html?_from=R40&_nkw=1908906103&_sacat=0&_sop=15&LH_BIN=1&LH_PrefLoc=1&rt=nc&LH_ItemCondition=4,Paperback,1908906103
The Law Code of Manu (Oxford World's Classics),https://www.ebay.co.uk/sch/i.html?_from=R40&_nkw=0199555338&_sacat=0&_sop=15&LH_ItemCondition=3&LH_PrefLoc=2&rt=nc&LH_BIN=1,https://www.ebay.co.uk/sch/i.html?_from=R40&_nkw=0199555338&_sacat=0&_sop=15&LH_BIN=1&LH_PrefLoc=1&rt=nc&LH_ItemCondition=4,Paperback,0199555338
The Law Machine,https://www.ebay.co.uk/sch/i.html?_from=R40&_nkw=0140287566&_sacat=0&_sop=15&LH_ItemCondition=3&LH_PrefLoc=2&rt=nc&LH_BIN=1,https://www.ebay.co.uk/sch/i.html?_from=R40&_nkw=0140287566&_sacat=0&_sop=15&LH_BIN=1&LH_PrefLoc=1&rt=nc&LH_ItemCondition=4,Paperback,0140287566
The London Hanged: Crime And Civil Society In The Eighteenth Century,https://www.ebay.co.uk/sch/i.html?_from=R40&_nkw=1859845762&_sacat=0&_sop=15&LH_ItemCondition=3&LH_PrefLoc=2&rt=nc&LH_BIN=1,https://www.ebay.co.uk/sch/i.html?_from=R40&_nkw=1859845762&_sacat=0&_sop=15&LH_BIN=1&LH_PrefLoc=1&rt=nc&LH_ItemCondition=4,Paperback,1859845762
Birth of a White Nation: The Invention of White People and Its Relevance Today,https://www.ebay.co.uk/sch/i.html?_from=R40&_nkw=1622127226&_sacat=0&_sop=15&LH_ItemCondition=3&LH_PrefLoc=2&rt=nc&LH_BIN=1,https://www.ebay.co.uk/sch/i.html?_from=R40&_nkw=1622127226&_sacat=0&_sop=15&LH_BIN=1&LH_PrefLoc=1&rt=nc&LH_ItemCondition=4,Paperback,1622127226
Joyce in Court,https://www.ebay.co.uk/sch/i.html?_from=R40&_nkw=1786691590&_sacat=0&_sop=15&LH_ItemCondition=3&LH_PrefLoc=2&rt=nc&LH_BIN=1,https://www.ebay.co.uk/sch/i.html?_from=R40&_nkw=1786691590&_sacat=0&_sop=15&LH_BIN=1&LH_PrefLoc=1&rt=nc&LH_ItemCondition=4,Paperback,1786691590
Scalia's Court: A Legacy of Landmark Opinions and Dissents,https://www.ebay.co.uk/sch/i.html?_from=R40&_nkw=1621575225&_sacat=0&_sop=15&LH_ItemCondition=3&LH_PrefLoc=2&rt=nc&LH_BIN=1,https://www.ebay.co.uk/sch/i.html?_from=R40&_nkw=1621575225&_sacat=0&_sop=15&LH_BIN=1&LH_PrefLoc=1&rt=nc&LH_ItemCondition=4,Hardcover,1621575225
"Legal Habits A Brief Sartorial History of Wig, Robe, and Gown",https://www.ebay.co.uk/sch/i.html?_from=R40&_nkw=0946555567&_sacat=0&_sop=15&LH_ItemCondition=3&LH_PrefLoc=2&rt=nc&LH_BIN=1,https://www.ebay.co.uk/sch/i.html?_from=R40&_nkw=0946555567&_sacat=0&_sop=15&LH_BIN=1&LH_PrefLoc=1&rt=nc&LH_ItemCondition=4,Hardcover,0946555567
Landmarks in the Law,https://www.ebay.co.uk/sch/i.html?_from=R40&_nkw=0406176140&_sacat=0&_sop=15&LH_ItemCondition=3&LH_PrefLoc=2&rt=nc&LH_BIN=1,https://www.ebay.co.uk/sch/i.html?_from=R40&_nkw=0406176140&_sacat=0&_sop=15&LH_BIN=1&LH_PrefLoc=1&rt=nc&LH_ItemCondition=4,Paperback,0406176140
