Title,Link,ISBN,10/07/2023,11/07/2023,14/07/2023
Dungeons & Dragons Core Rulebook: Player's Handbook,amazon.co.uk/Dungeons-Dragons-Players-Handbook-Rulebooks/dp/0786965606/ref=zg_bs_g_270509_sccl_1/261-3764449-7439816?psc=1,0786965606,27.99,28.0,25.80
Minecraft Sticker Adventure: Treasure Hunt: A brand-new official sticker book containing hours of fun for kids,amazon.co.uk/Minecraft-Sticker-Adventure-Mojang-AB/dp/0755503589/ref=zg_bs_g_270509_sccl_2/261-3764449-7439816?psc=1,0755503589,999999.0,999999.0,999999
D&D Dungeon Master’s Guide (Dungeons & Dragons Core Rulebook),amazon.co.uk/Dungeon-Masters-Dungeons-Dragons-Rulebooks/dp/0786965622/ref=zg_bs_g_270509_sccl_3/261-3764449-7439816?psc=1,0786965622,35.86,35.81,999999
"Dungeons & Dragons Core Rulebook: Monster Manual, WTCA92180000, standard",amazon.co.uk/Monster-Manual-Dungeons-Rulebook-Rulebooks/dp/0786965614/ref=zg_bs_g_270509_sccl_4/261-3764449-7439816?psc=1,0786965614,36.95,36.95,36.99
Journal 29: Interactive Book Game,amazon.co.uk/Journal-29-Interactive-Book-Game/dp/1635871727/ref=zg_bs_g_270509_sccl_5/261-3764449-7439816?psc=1,1635871727,999999.0,999999.0,999999
Dragonlance: Shadow of the Dragon Queen (Dungeons & Dragons Adventure Book): 1,amazon.co.uk/Dragonlance-Shadow-Dungeons-Dragons-Adventure/dp/0786968281/ref=zg_bs_g_270509_sccl_6/261-3764449-7439816?psc=1,0786968281,999999.0,999999.0,999999
Dungeons & Dragons Volo's Guide to Monsters,amazon.co.uk/Volos-Guide-Monsters-Dungeons-Dragons/dp/0786966017/ref=zg_bs_g_270509_sccl_7/261-3764449-7439816?psc=1,0786966017,20.52,20.52,20.52
Dungeons & Dragons Dungeon Master's Screen Reincarnated,amazon.co.uk/Dungeons-Dragons-Dungeon-Masters-Reincarnated/dp/078696619X/ref=zg_bs_g_270509_sccl_8/261-3764449-7439816?psc=1,078696619X,999999.0,999999.0,999999
Wizards of the Coast,amazon.co.uk/Bigby-Presents-Dungeons-Dragons-Expansion/dp/0786968982/ref=zg_bs_g_270509_sccl_9/261-3764449-7439816?psc=1,0786968982,41.16,41.16,41.16
"Dungeons & Dragons: Dungeon Academy: No Humans Allowed!: A funny, illustrated D&D novel for younger readers and fans of role play and fantasy by New York Times bestselling author Madeleine Roux",amazon.co.uk/Dungeon-Academy-No-Humans-Allowed/dp/0755503821/ref=zg_bs_g_270509_sccl_10/261-3764449-7439816?psc=1,0755503821,5.99,5.99,999999
Dungeons & Dragons: Mordenkainen Presents: Monsters of the Multiverse: 1,amazon.co.uk/Dungeons-Dragons-Mordenkainen-Presents-Multiverse/dp/0786967870/ref=zg_bs_g_270509_sccl_11/261-3764449-7439816?psc=1,0786967870,31.85,999999.0,999999
Dungeons & Dragons: Journeys Through the Radiant Citadel (D&D Adventure Book): 1,amazon.co.uk/Dungeons-Dragons-Journeys-Through-Adventure/dp/0786967994/ref=zg_bs_g_270509_sccl_12/261-3764449-7439816?psc=1,0786967994,999999.0,999999.0,999999
Keys From the Golden Vault (Dungeons & Dragons Adventure Book),amazon.co.uk/Golden-Vault-Dungeons-Dragons-Adventure/dp/0786968966/ref=zg_bs_g_270509_sccl_13/261-3764449-7439816?psc=1,0786968966,29.29,33.08,33.15
Sarah Crofton,amazon.co.uk/League-Thieves-Adventure-Gamebooks-Crofton/dp/1803706457/ref=zg_bs_g_270509_sccl_14/261-3764449-7439816?psc=1,1803706457,6.49,6.49,999999
"The Game Master's Book of Non-Player Characters: 500+ unique villains, heroes, helpers, sages, shopkeepers, bartenders and more for 5th edition RPG adventures",amazon.co.uk/Game-Masters-Book-Non-Player-Characters/dp/1948174804/ref=zg_bs_g_270509_sccl_15/261-3764449-7439816?psc=1,1948174804,17.74,17.74,15.67
"The Game Master's Book of Traps, Puzzles and Dungeons: A Punishing Collection of Bone-Crunching Contraptions, Brain-Teasing Riddles and ... Locations ... RPG adventures (The Game Master Series)",amazon.co.uk/Game-Masters-Traps-Puzzles-Dungeons/dp/1948174987/ref=zg_bs_g_270509_sccl_16/261-3764449-7439816?psc=1,1948174987,999999.0,999999.0,999999
Dungeons & Dragons Rules Expansion Gift Set (D&D Books)- Tasha's Cauldron of Everything + Xanathar's Guide to Everything + Monsters of the Multiverse + DM Screen: 1,amazon.co.uk/Dungeons-Expansion-Everything-Xanathars-Multiverse/dp/0786967374/ref=zg_bs_g_270509_sccl_17/261-3764449-7439816?psc=1,0786967374,91.75,91.75,91.75
The Cypher Files: An Escape Room… in a Book!,amazon.co.uk/Cypher-Files-Escape-Puzzle-Books/dp/0241481740/ref=zg_bs_g_270509_sccl_18/261-3764449-7439816?psc=1,0241481740,999999.0,999999.0,999999
Absolute Emperor: Napoleonic Wargame Battles (Osprey Wargames),amazon.co.uk/Absolute-Emperor-Napoleonic-Wargame-Wargames/dp/1472843657/ref=zg_bs_g_270509_sccl_19/261-3764449-7439816?psc=1,1472843657,7.92,7.92,7.92
The Monsters Know What They're Doing: Combat Tactics for Dungeon Masters (Volume 1),amazon.co.uk/Monsters-Know-What-Theyre-Doing/dp/1982122668/ref=zg_bs_g_270509_sccl_20/261-3764449-7439816?psc=1,1982122668,15.0,15.0,999999
"Game Master's Book of Random Encounters, The: 500+ customizable maps, tables and story hooks to create 5th edition adventures on demand",amazon.co.uk/Gamemasters-Book-Random-Encounters-Customizable/dp/1948174375/ref=zg_bs_g_270509_sccl_21/261-3764449-7439816?psc=1,1948174375,999999.0,999999.0,14.45
Unofficial Roblox Annual 2022,amazon.co.uk/Unofficial-Roblox-Annual-Daniel-Lipscombe/dp/075550108X/ref=zg_bs_g_270509_sccl_22/261-3764449-7439816?psc=1,075550108X,3.0,3.0,3.00
Fizban’s Treasury of Dragons (Dungeon & Dragons Supplement Book): 1 (Dungeons and Dragons),amazon.co.uk/Fizbans-Treasury-Dragons-Dungeon-Supplement/dp/0786967293/ref=zg_bs_g_270509_sccl_23/261-3764449-7439816?psc=1,0786967293,999999.0,999999.0,35.08
Critical Role Vox Machina: Origins Volume 1,amazon.co.uk/Critical-Role-Vox-Machina-Origins/dp/1506714811/ref=zg_bs_g_270509_sccl_24/261-3764449-7439816?psc=1,1506714811,999999.0,999999.0,999999
Minecraft Dungeons Sticker Book,amazon.co.uk/Minecraft-Dungeons-Sticker-Activity-Books/dp/1405299703/ref=zg_bs_g_270509_sccl_25/261-3764449-7439816?psc=1,1405299703,999999.0,999999.0,999999
"Spelljammer: Adventures in Space (Dungeons & Dragons Campaign Collection - Adventure, Setting, Monster Book, Map, and DM Screen): A Thrilling ... For The World's Greatest Roleplaying Game: 1",amazon.co.uk/Spelljammer-Adventures-Collection-Adventure-Roleplaying/dp/0786968168/ref=zg_bs_g_270509_sccl_26/261-3764449-7439816?psc=1,0786968168,43.73,40.14,41.34
Frostgrave: The Wildwoods: 18,amazon.co.uk/Frostgrave-Wildwoods-Joseph-McCullough/dp/1472858158/ref=zg_bs_g_270509_sccl_27/261-3764449-7439816?psc=1,1472858158,15.0,15.0,15.00
"Cursed City (Warhammer: Age of Sigmar) [Paperback] Werner, C L",amazon.co.uk/Cursed-City-Warhammer-Age-Sigmar/dp/1789999472/ref=zg_bs_g_270509_sccl_28/261-3764449-7439816?psc=1,1789999472,999999.0,999999.0,999999
Dungeons & Dragons The Legend of Drizzt Visual Dictionary,amazon.co.uk/Dungeons-Dragons-Legend-Drizzt-Dictionary/dp/0241409411/ref=zg_bs_g_270509_sccl_29/261-3764449-7439816?psc=1,0241409411,20.0,20.0,20.00
The Men Who Would Be Kings: Colonial Wargaming Rules (Osprey Wargames),amazon.co.uk/Men-Who-Would-Kings-Wargaming/dp/1472815009/ref=zg_bs_g_270509_sccl_30/261-3764449-7439816?psc=1,1472815009,9.99,9.99,9.99
Xenos Rampant: Science Fiction Wargame Battles,amazon.co.uk/Xenos-Rampant-Science-Fiction-Wargame/dp/1472852362/ref=zg_bs_g_270509_sccl_31/261-3764449-7439816?psc=1,1472852362,16.88,16.94,17.02
Lion Rampant: Second Edition: Medieval Wargaming Rules,amazon.co.uk/Lion-Rampant-Second-Medieval-Wargaming/dp/1472852613/ref=zg_bs_g_270509_sccl_32/261-3764449-7439816?psc=1,1472852613,15.32,15.32,15.32
"The Ultimate Micro-RPG Book: 40 Fast, Easy, and Fun Tabletop Games (The Ultimate RPG Guide Series)",amazon.co.uk/Ultimate-Micro-RPG-Book-Tabletop-Games/dp/1507212860/ref=zg_bs_g_270509_sccl_34/261-3764449-7439816?psc=1,1507212860,8.75,8.75,8.75
Dungeons & Dragons: Dungeon Club: Roll Call: The first graphic novel in the new official Dungeons & Dragons series,amazon.co.uk/Dungeons-Dragons-Dungeon-graphic-official/dp/0008531056/ref=zg_bs_g_270509_sccl_35/261-3764449-7439816?psc=1,0008531056,10.99,10.99,10.99
Dungeons & Dragons Icewind Dale: Rime of the Frostmaiden Adventure Book September 2020 Book: Rime of the Frostmaiden D&d Adventure Book,amazon.co.uk/Dungeons-Dragons-Icewind-Dale-Frostmaiden/dp/078696698X/ref=zg_bs_g_270509_sccl_36/261-3764449-7439816?psc=1,078696698X,34.99,34.99,31.16
"Dragonlance Chronicles: Dragons of Autumn Twilight, Dragons of Winter Night, Dragons of Spring Dawning",amazon.co.uk/Dragonlance-Chronicles-Dragons-Twilight-Fantasy/dp/0140115404/ref=zg_bs_g_270509_sccl_37/261-3764449-7439816?psc=1,0140115404,999999.0,999999.0,999999
Jonah Fishel,amazon.co.uk/Game-Masters-Handbook-Proactive-Roleplaying/dp/1956403442/ref=zg_bs_g_270509_sccl_38/261-3764449-7439816?psc=1,1956403442,10.41,10.41,10.41
Pathfinder Advanced Player’s Guide Pocket Edition (P2),amazon.co.uk/Pathfinder-Advanced-Players-Guide-Pocket/dp/1640783237/ref=zg_bs_g_270509_sccl_39/261-3764449-7439816?psc=1,1640783237,18.59,18.59,18.59
"Dungeons & Dragons Behold! A Search and Find Adventure: An official gift for kids, adults, and fans of D&D and fantasy role play games",amazon.co.uk/Dungeons-Dragons-Behold-Search-Adventure/dp/0755502000/ref=zg_bs_g_270509_sccl_40/261-3764449-7439816?psc=1,0755502000,999999.0,999999.0,999999
Pathfinder Core Rulebook (P2),amazon.co.uk/Pathfinder-Core-Rulebook-Jason-Bulmahn/dp/1640781684/ref=zg_bs_g_270509_sccl_41/261-3764449-7439816?psc=1,1640781684,999999.0,999999.0,43.09
"The Game Master's Book of Astonishing Random Tables: 300+ Unique Roll Tables to Enhance Your Worldbuilding, Storytelling, Locations, Magic and More for 5th Edition RPG Adventures",amazon.co.uk/Game-Masters-Astonishing-Random-Tables/dp/1956403256/ref=zg_bs_g_270509_sccl_42/261-3764449-7439816?psc=1,1956403256,18.15,999999.0,16.99
"ZWEIHANDER Fantasy Horror RPG: Starter Kit: Starter Kit: Includes Rulebooks, Dice, Folding Gamemaster's Screen, Folding Art Poster & Village Map, 13 Folios, 9 Tokens, 18 Trackers, 72 Cards",amazon.co.uk/ZWEIHANDER-Fantasy-Horror-RPG-Starter/dp/1524875279/ref=zg_bs_g_270509_sccl_43/261-3764449-7439816?psc=1,1524875279,15.99,15.99,999999
The Book of Random Tables: Fantasy Role-Playing Game Aids for Game Masters: 1 (The Books of Random Tables),amazon.co.uk/Book-Random-Tables-Fantasy-Role-Playing/dp/0692051880/ref=zg_bs_g_270509_sccl_44/261-3764449-7439816?psc=1,0692051880,999999.0,999999.0,999999
Gamma Wolves: A Game of Post-apocalyptic Mecha Warfare,amazon.co.uk/Gamma-Wolves-Post-apocalyptic-Mecha-Warfare/dp/1472837746/ref=zg_bs_g_270509_sccl_45/261-3764449-7439816?psc=1,1472837746,13.2,15.0,14.10
Curse of Strahd: A Dungeons & Dragons Sourcebook (D&D Supplement),amazon.co.uk/Dungeons-Dragons-Curse-Strahd-Styles/dp/0786965983/ref=zg_bs_g_270509_sccl_46/261-3764449-7439816?psc=1,0786965983,999999.0,999999.0,38.55
Wizards of the Coast,amazon.co.uk/DUNGEONS-DRAGONS-YEARBOOK-2024-interviews/dp/000853747X/ref=zg_bs_g_270509_sccl_47/261-3764449-7439816?psc=1,000853747X,10.35,10.35,10.35
MOAR! Monsters Know What They're Doing (Volume 3) (The Monsters Know What They’re Doing),amazon.co.uk/MOAR-Monsters-Know-Theyre-Doing/dp/1982171324/ref=zg_bs_g_270509_sccl_48/261-3764449-7439816?psc=1,1982171324,999999.0,999999.0,999999
Pathfinder RPG Secrets of Magic Pocket Edition (P2) (Pathfinder Roleplaying Game),amazon.co.uk/Pathfinder-Secrets-Magic-Pocket-Roleplaying/dp/1640783474/ref=zg_bs_g_270509_sccl_50/261-3764449-7439816?psc=1,1640783474,999999.0,999999.0,999999
The Armchair General: Can You Defeat the Nazis?,amazon.co.uk/Armchair-General-Can-Defeat-Nazis/dp/1529125707/ref=zg_bs_g_270509_sccl_1/259-7287062-0239253?psc=1,1529125707,999999.0,999999.0,999999
Live to Tell the Tale: Combat Tactics for Player Characters (Volume 2) (The Monsters Know What They’re Doing),amazon.co.uk/Live-Tell-Tale-Characters-Monsters/dp/1982122692/ref=zg_bs_g_270509_sccl_2/259-7287062-0239253?psc=1,1982122692,999999.0,999999.0,999999
Crash Bandicoot Adult Coloring Book,amazon.co.uk/Crash-Bandicoot-Adult-Coloring-Book/dp/1945683686/ref=zg_bs_g_270509_sccl_3/259-7287062-0239253?psc=1,1945683686,999999.0,999999.0,999999
Starfinder RPG: Ports of Call,amazon.co.uk/Starfinder-RPG-Ports-Kate-Baker/dp/1640785140/ref=zg_bs_g_270509_sccl_4/259-7287062-0239253?psc=1,1640785140,28.9,28.9,28.90
The Book of Random Tables: Quests: Adventure Ideas for Fantasy Tabletop Role-Playing Games,amazon.co.uk/Book-Random-Tables-Adventure-Role-Playing/dp/1732840199/ref=zg_bs_g_270509_sccl_5/259-7287062-0239253?psc=1,1732840199,8.57,8.57,8.57
The Silver Bayonet: The Carpathians: Castle Fier,amazon.co.uk/Silver-Bayonet-Carpathians-Castle-Fier/dp/1472858786/ref=zg_bs_g_270509_sccl_6/259-7287062-0239253?psc=1,1472858786,999999.0,999999.0,999999
Zona Alfa: Salvage and Survival in the Exclusion Zone: 25 (Osprey Wargames),amazon.co.uk/Zona-Alfa-Survival-Exclusion-Wargames/dp/1472835697/ref=zg_bs_g_270509_sccl_7/259-7287062-0239253?psc=1,1472835697,9.99,9.99,9.99
Loke BattleMats Big Book Of Battle Mats Vol. 2 (Size A4),amazon.co.uk/Book-Battle-Mats-Vol-Size/dp/1912803100/ref=zg_bs_g_270509_sccl_8/259-7287062-0239253?psc=1,1912803100,19.99,19.99,19.99
"The Armchair General: Can You Defeat the Nazis? (The Armchair General, 1)",amazon.co.uk/Armchair-General-Can-Defeat-Nazis/dp/1529195918/ref=zg_bs_g_270509_sccl_9/259-7287062-0239253?psc=1,1529195918,999999.0,999999.0,999999
Dragon Rampant: Fantasy Wargaming Rules (Osprey Wargames),amazon.co.uk/Dragon-Rampant-Fantasy-Wargaming-Wargames/dp/1472815718/ref=zg_bs_g_270509_sccl_10/259-7287062-0239253?psc=1,1472815718,9.99,9.99,9.99
Dungeons for the Master: 177 Dungeon Maps and 1D100 Encounter Table (RPG Dungeon Maps),amazon.co.uk/Dungeons-Master-Dungeon-1D100-Encounter/dp/1975611519/ref=zg_bs_g_270509_sccl_11/259-7287062-0239253?psc=1,1975611519,12.48,12.48,12.48
Oathmark: Battlesworn,amazon.co.uk/Oathmark-Battlesworn-Joseph-McCullough/dp/1472837045/ref=zg_bs_g_270509_sccl_12/259-7287062-0239253?psc=1,1472837045,10.99,10.99,10.99
"Dungeons & Dragons Annual 2023: Take on an adventure with the Official Dungeons & Dragons Annual 2023. Featuring heroes and monsters of legend, plus interviews, activities, tips and tricks, and more.",amazon.co.uk/Dungeons-Dragons-Annual-2023-Susie/dp/0008510806/ref=zg_bs_g_270509_sccl_13/259-7287062-0239253?psc=1,0008510806,5.99,5.99,999999
Gaslands: Refuelled: Post-Apocalyptic Vehicular Mayhem,amazon.co.uk/Gaslands-Refuelled-Post-Apocalyptic-Vehicular-Mayhem/dp/1472838831/ref=zg_bs_g_270509_sccl_14/259-7287062-0239253?psc=1,1472838831,15.32,15.32,15.32
The Serpent King's Domain: Volume 7 (Fabled Lands),amazon.co.uk/Serpent-Kings-Domain-Fabled-Lands/dp/1909905305/ref=zg_bs_g_270509_sccl_15/259-7287062-0239253?psc=1,1909905305,12.16,12.16,12.16
Van Richten's Guide to Ravenloft (Dungeons & Dragons): 1,amazon.co.uk/Richtens-Guide-Ravenloft-Dungeons-Dragons/dp/0786967250/ref=zg_bs_g_270509_sccl_16/259-7287062-0239253?psc=1,0786967250,33.12,41.83,34.72
Bolt Action: Campaign: The Western Desert,amazon.co.uk/Bolt-Action-Campaign-Western-Desert/dp/1472834356/ref=zg_bs_g_270509_sccl_17/259-7287062-0239253?psc=1,1472834356,20.0,20.0,20.00
Wargames Terrain and Buildings: WWI Trench Systems,amazon.co.uk/Wargames-Terrain-Buildings-Trench-Systems/dp/1526793547/ref=zg_bs_g_270509_sccl_19/259-7287062-0239253?psc=1,1526793547,12.19,12.19,12.19
Frostgrave: Ghost Archipelago: Fantasy Wargames in the Lost Isles: 1,amazon.co.uk/Frostgrave-Ghost-Archipelago-Fantasy-Wargames/dp/1472817346/ref=zg_bs_g_270509_sccl_20/259-7287062-0239253?psc=1,1472817346,14.99,14.99,14.99
D&D Rules Expansion Gift Set (Alternate Cover): Dungeons & Dragons (DDN),amazon.co.uk/Rules-Expansion-Gift-Alternate-Cover/dp/0786967439/ref=zg_bs_g_270509_sccl_21/259-7287062-0239253?psc=1,0786967439,74.97,75.06,74.21
The Düngeonmeister Cookbook: 75 RPG-Inspired Recipes to Level Up Your Game Night,amazon.co.uk/D%C3%BCngeonmeister-Cookbook-RPG-Inspired-Recipes-Ultimate/dp/1507218117/ref=zg_bs_g_270509_sccl_22/259-7287062-0239253?psc=1,1507218117,999999.0,999999.0,999999
The Sherlock Holmes Escape Book: The Adventure of the London Waterworks: Solve The Puzzles To Escape The Pages,amazon.co.uk/Sherlock-Holmes-Escape-Book-Puzzles/dp/1781453489/ref=zg_bs_g_270509_sccl_23/259-7287062-0239253?psc=1,1781453489,999999.0,999999.0,999999
"Dungeon Academy: Tourney of Terror: A funny, illustrated D&D novel for younger readers and fans of role play and fantasy written by New York Times bestselling author Madeleine Roux",amazon.co.uk/D-Dungeon-Academy-2/dp/0008531021/ref=zg_bs_g_270509_sccl_24/259-7287062-0239253?psc=1,0008531021,999999.0,999999.0,999999
Pathfinder Lost Omens The Mwangi Expanse Special Edition (P2) (Patfinder),amazon.co.uk/Pathfinder-Omens-Mwangi-Expanse-Special/dp/1640785000/ref=zg_bs_g_270509_sccl_25/259-7287062-0239253?psc=1,1640785000,70.44,70.44,30.85
"The Skyrim Library - Volumes I, II & III (Box Set): 1-3",amazon.co.uk/Skyrim-Library-Volumes-III-Box/dp/1783293233/ref=zg_bs_g_270509_sccl_26/259-7287062-0239253?psc=1,1783293233,65.84,65.84,65.84
Dan Cascone,amazon.co.uk/Pathfinder-Lost-Omens-Highhelm-P2/dp/1640785213/ref=zg_bs_g_270509_sccl_27/259-7287062-0239253?psc=1,1640785213,30.45,30.45,30.45
Wizards of the Coast,amazon.co.uk/Practically-Complete-Dragons-Dungeons-Illustrated/dp/0786969067/ref=zg_bs_g_270509_sccl_28/259-7287062-0239253?psc=1,0786969067,27.77,27.77,33.45
Düngeonmeister: 75 Epic RPG Cocktail Recipes to Shake Up Your Campaign,amazon.co.uk/D%C3%BCngeonmeister-Cocktail-Recipes-Campaign-Ultimate/dp/1507214650/ref=zg_bs_g_270509_sccl_29/259-7287062-0239253?psc=1,1507214650,7.79,7.79,7.79
Pathfinder RPG Guns & Gears Pocket Edition (P2),amazon.co.uk/Pathfinder-RPG-Guns-Gears-Pocket/dp/1640783717/ref=zg_bs_g_270509_sccl_30/259-7287062-0239253?psc=1,1640783717,17.99,17.99,17.99
Lyonesse,amazon.co.uk/Lyonesse-Dominic-Mooney/dp/191147197X/ref=zg_bs_g_270509_sccl_81/259-7287062-0239253?psc=1,191147197X,64.99,64.99,64.99
Margaret Weis,amazon.co.uk/Dragonlance-Dragons-Fate-Dungeons-Destinies/dp/1529101654/ref=zg_bs_g_270509_sccl_82/259-7287062-0239253?psc=1,1529101654,19.19,19.19,19.19
ZWEIHANDER RPG: Player's Handbook,amazon.co.uk/ZWEIHANDER-Grim-Perilous-RPG-Handbook/dp/1524855448/ref=zg_bs_g_270509_sccl_83/259-7287062-0239253?psc=1,1524855448,29.79,29.79,22.06
Zobeck the Clockwork City Collector's Edition,amazon.co.uk/Zobeck-Clockwork-Collectors-Kobold-Press/dp/1950789381/ref=zg_bs_g_270509_sccl_84/259-7287062-0239253?psc=1,1950789381,33.15,33.15,33.15
Norse Myths That Inspired Final Fantasy VII,amazon.co.uk/Norse-Myths-Inspired-Final-Fantasy/dp/1838009604/ref=zg_bs_g_270509_sccl_85/259-7287062-0239253?psc=1,1838009604,13.99,13.99,13.99
Oathmark: Oathbreakers,amazon.co.uk/Oathmark-Oathbreakers-Joseph-McCullough/dp/1472837002/ref=zg_bs_g_270509_sccl_86/259-7287062-0239253?psc=1,1472837002,10.99,10.99,10.99
League of Legends: Realms of Runeterra (Official Companion),amazon.co.uk/League-Legends-Runeterra-Official-Companion/dp/0316497320/ref=zg_bs_g_270509_sccl_87/259-7287062-0239253?psc=1,0316497320,999999.0,999999.0,999999
How to Slay a Dragon: A Fantasy Hero's Guide to the Real Middle Ages,amazon.co.uk/How-Slay-Dragon-Fantasy-Middle/dp/1982164115/ref=zg_bs_g_270509_sccl_88/259-7287062-0239253?psc=1,1982164115,999999.0,999999.0,999999
Pathfinder Lost Omens World Guide (P2),amazon.co.uk/Pathfinder-Lost-Omens-World-Guide/dp/1640781722/ref=zg_bs_g_270509_sccl_89/259-7287062-0239253?psc=1,1640781722,26.65,26.65,26.65
Oathmark: Bane of Kings,amazon.co.uk/Oathmark-Bane-Kings-Joseph-McCullough/dp/1472847695/ref=zg_bs_g_270509_sccl_90/259-7287062-0239253?psc=1,1472847695,999999.0,999999.0,999999
Tome of Beasts 3 Pocket Edition,amazon.co.uk/Beasts-3-Pocket-Jeff-Lee/dp/1950789500/ref=zg_bs_g_270509_sccl_91/259-7287062-0239253?psc=1,1950789500,21.35,21.35,21.35
"Creative Gene: How books, movies, and music inspired the creator of Death Stranding and Metal Gear Solid",amazon.co.uk/Creative-Gene-inspired-creator-Stranding/dp/197472591X/ref=zg_bs_g_270509_sccl_92/259-7287062-0239253?psc=1,197472591X,999999.0,999999.0,13.99
Pathfinder Bestiary (P2),amazon.co.uk/Pathfinder-Bestiary-P2-Paizo-Staff/dp/1640781706/ref=zg_bs_g_270509_sccl_93/259-7287062-0239253?psc=1,1640781706,33.15,33.15,33.15
Life Is Strange: Coloring Book,amazon.co.uk/Life-Strange-Coloring-Emma-Vieceli/dp/1787739597/ref=zg_bs_g_270509_sccl_94/259-7287062-0239253?psc=1,1787739597,999999.0,999999.0,999999
Campaign Builder: Cities and Towns (5e): Cities & Towns,amazon.co.uk/Campaign-Builder-Cities-Towns-5e/dp/1950789462/ref=zg_bs_g_270509_sccl_95/259-7287062-0239253?psc=1,1950789462,32.5,32.5,32.50
How to Defend Your Lair (Volume 4) (The Monsters Know What They’re Doing),amazon.co.uk/Defend-Your-Monsters-Theyre-Doing/dp/1982171359/ref=zg_bs_g_270509_sccl_96/259-7287062-0239253?psc=1,1982171359,15.0,15.0,15.00
Ten Speed Press,amazon.co.uk/Art-Fifth-Dungeons-Dragons/dp/1984859684/ref=zg_bs_g_270509_sccl_97/259-7287062-0239253?psc=1,1984859684,29.35,29.35,29.35
Logan Bonner,amazon.co.uk/Pathfinder-RPG-Rage-Elements-P2/dp/1640785272/ref=zg_bs_g_270509_sccl_98/259-7287062-0239253?psc=1,1640785272,35.85,35.85,35.85
Starfinder RPG: Starfinder Core Rulebook Pocket Edition,amazon.co.uk/Starfinder-RPG-Core-Rulebook-Pocket/dp/1640782524/ref=zg_bs_g_270509_sccl_99/259-7287062-0239253?psc=1,1640782524,14.45,14.45,14.45
Pathfinder Adventure Path: Abomination Vaults (P2),amazon.co.uk/Pathfinder-Adventure-Path-Abomination-Vaults/dp/1640784101/ref=zg_bs_g_270509_sccl_100/259-7287062-0239253?psc=1,1640784101,35.85,35.85,35.85
From Hell,amazon.co.uk/Hell-Alan-Moore/dp/0861661419/ref=zg_bs_g_503400_sccl_2/261-9500345-0244729?psc=1,0861661419,999999.0,999999.0,19.99
Tales from the DC Dark Multiverse,amazon.co.uk/Tales-DC-Dark-Multiverse-Various/dp/1779508158/ref=zg_bs_g_503400_sccl_3/261-9500345-0244729?psc=1,1779508158,18.65,18.65,18.65
Watchmen,amazon.co.uk/Watchmen-Alan-Moore/dp/1852860243/ref=zg_bs_g_503400_sccl_4/261-9500345-0244729?psc=1,1852860243,999999.0,999999.0,999999
"Alison: a stunning and emotional graphic novel for fans of Sally Rooney, from an award winning illustrator and author",amazon.co.uk/Alison-Lizzy-Stewart/dp/1788169050/ref=zg_bs_g_503400_sccl_5/261-9500345-0244729?psc=1,1788169050,999999.0,999999.0,999999
Kingdom Come (DC Comics),amazon.co.uk/Kingdom-Come-Comics-Mark-Waid/dp/1852868163/ref=zg_bs_g_503400_sccl_6/261-9500345-0244729?psc=1,1852868163,999999.0,999999.0,999999
Red Rosa: A Graphic Biography of Rosa Luxemburg,amazon.co.uk/Red-Rosa-Graphic-Biography-Luxemburg/dp/1784780995/ref=zg_bs_g_503400_sccl_7/261-9500345-0244729?psc=1,1784780995,999999.0,999999.0,999999
The Sandman 2,amazon.co.uk/Sandman-Deluxe-Book-Two/dp/1779508115/ref=zg_bs_g_503400_sccl_8/261-9500345-0244729?psc=1,1779508115,33.15,33.15,33.15
Slow Chocolate Autopsy,amazon.co.uk/Slow-Chocolate-Autopsy-Iain-Sinclair/dp/0753801523/ref=zg_bs_g_503400_sccl_11/261-9500345-0244729?psc=1,0753801523,999999.0,999999.0,999999
A Scandal In Bohemia: A Sherlock Holmes Graphic Novel,amazon.co.uk/Scandal-Bohemia-Sherlock-Holmes-Graphic/dp/1780926804/ref=zg_bs_g_503400_sccl_12/261-9500345-0244729?psc=1,1780926804,999999.0,999999.0,999999
V for Vendetta,amazon.co.uk/V-Vendetta-Alan-Moore/dp/1852862912/ref=zg_bs_g_503400_sccl_13/261-9500345-0244729?psc=1,1852862912,999999.0,999999.0,999999
100% Biodegradable Comic Collection: An action packed sci fi adventure comics anthology from creators around the globe.,amazon.co.uk/100-Biodegradable-Comic-Collection-adventure/dp/1794609164/ref=zg_bs_g_503400_sccl_14/261-9500345-0244729?psc=1,1794609164,999999.0,999999.0,999999
Peter Milligan,amazon.co.uk/John-Constantine-Hellblazer-24-Sectioned/dp/1779509529/ref=zg_bs_g_503400_sccl_16/261-9500345-0244729?psc=1,1779509529,999999.0,999999.0,999999
Swamp Thing: The New 52 Omnibus,amazon.co.uk/Swamp-Thing-New-52-Omnibus/dp/177950814X/ref=zg_bs_g_503400_sccl_17/261-9500345-0244729?psc=1,177950814X,999999.0,999999.0,81.51
Sugar Skull,amazon.co.uk/Sugar-Skull-Pantheon-Graphic-Novels/dp/0307907902/ref=zg_bs_g_503400_sccl_18/261-9500345-0244729?psc=1,0307907902,999999.0,999999.0,999999
"Batman: No Man's Land, Volume 2",amazon.co.uk/Batman-No-Mans-Land-2/dp/1840231580/ref=zg_bs_g_503400_sccl_19/261-9500345-0244729?psc=1,1840231580,999999.0,999999.0,999999
100% Biodegradable Comic Collection 2,amazon.co.uk/100-Biodegradable-Comic-Collection-2/dp/1798278278/ref=zg_bs_g_503400_sccl_20/261-9500345-0244729?psc=1,1798278278,999999.0,999999.0,999999
Batman Arkham: Talia Al Ghul,amazon.co.uk/Batman-Arkham-Talia-al-Ghul/dp/1779509154/ref=zg_bs_g_503400_sccl_21/261-9500345-0244729?psc=1,1779509154,999999.0,999999.0,999999
Starblazer: Space Fiction Adventures in Pictures: 1,amazon.co.uk/Starblazer-Space-Fiction-Adventures-Pictures/dp/184535799X/ref=zg_bs_g_503400_sccl_22/261-9500345-0244729?psc=1,184535799X,999999.0,999999.0,999999
Batman: Killing Joke,amazon.co.uk/Batman-Killing-Joke-Alan-Moore/dp/1852860820/ref=zg_bs_g_503400_sccl_23/261-9500345-0244729?psc=1,1852860820,999999.0,999999.0,999999
100% Biodegradable Comic Collection 3,amazon.co.uk/100-Biodegradable-Comic-Collection-3/dp/1090937288/ref=zg_bs_g_503400_sccl_26/261-9500345-0244729?psc=1,1090937288,6.99,6.99,6.99
Superman: The Trial of Superman (Superman S.),amazon.co.uk/Superman-Trial-S/dp/1852868562/ref=zg_bs_g_503400_sccl_27/261-9500345-0244729?psc=1,1852868562,999999.0,999999.0,999999
Batman: The Dark Knight Returns,amazon.co.uk/Batman-Knight-Returns-Frank-Miller/dp/0907610900/ref=zg_bs_g_503400_sccl_28/261-9500345-0244729?psc=1,0907610900,999999.0,999999.0,999999
100% Biodegradable Comic Collection 5,amazon.co.uk/100-Biodegradable-Comic-Collection-5/dp/107052171X/ref=zg_bs_g_503400_sccl_30/261-9500345-0244729?psc=1,107052171X,6.99,6.99,6.99
Dominion over Man,amazon.co.uk/Dominion-over-Man-Barbara-Daniels/dp/3947494017/ref=zg_bs_g_503400_sccl_31/261-9500345-0244729?psc=1,3947494017,15.69,15.69,15.69
100% Biodegradable Comic Collection 4,amazon.co.uk/100-Biodegradable-Comic-Collection-4/dp/1095145738/ref=zg_bs_g_503400_sccl_32/261-9500345-0244729?psc=1,1095145738,6.99,6.99,6.99
Batman: Arkham Asylum,amazon.co.uk/Batman-Arkham-Asylum-Grant-Morrison/dp/1852862807/ref=zg_bs_g_503400_sccl_34/261-9500345-0244729?psc=1,1852862807,999999.0,999999.0,999999
Batman: Long Halloween,amazon.co.uk/Batman-Long-Halloween-Jeph-Loeb/dp/1840230541/ref=zg_bs_g_503400_sccl_35/261-9500345-0244729?psc=1,1840230541,999999.0,999999.0,999999
Boom Bandits,amazon.co.uk/Boom-Bandits-Bruno-Stahl/dp/1838421300/ref=zg_bs_g_503400_sccl_36/261-9500345-0244729?psc=1,1838421300,5.0,5.0,5.00
Black Orchid,amazon.co.uk/Black-Orchid-Neil-Gaiman/dp/1852863366/ref=zg_bs_g_503400_sccl_37/261-9500345-0244729?psc=1,1852863366,999999.0,999999.0,999999
Justice League Unlimited Hocus Pocus,amazon.co.uk/Justice-League-Unlimited-Hocus-America/dp/1779507542/ref=zg_bs_g_503400_sccl_38/261-9500345-0244729?psc=1,1779507542,999999.0,999999.0,999999
Batman: Pt.2: Knightfall (Batman: Knightfall),amazon.co.uk/Batman-Pt-2-Knightfall-Doug-Moench/dp/1852865164/ref=zg_bs_g_503400_sccl_39/261-9500345-0244729?psc=1,1852865164,999999.0,999999.0,999999
Boom Bandits: Volume 2,amazon.co.uk/Boom-Bandits-2-Bruno-Stahl/dp/183842136X/ref=zg_bs_g_503400_sccl_42/261-9500345-0244729?psc=1,183842136X,5.0,5.0,5.00
Batman: Contagion,amazon.co.uk/Batman-Contagion-Doug-Moench/dp/1852867329/ref=zg_bs_g_503400_sccl_43/261-9500345-0244729?psc=1,1852867329,999999.0,999999.0,999999
Compleat Moonshadow TP (Vertigo),amazon.co.uk/Compleat-Moonshadow-TP-J-DeMatteis/dp/1563893436/ref=zg_bs_g_503400_sccl_44/261-9500345-0244729?psc=1,1563893436,999999.0,999999.0,999999
BATMAN: Pt.1 (Batman: Knightfall),amazon.co.uk/Batman-Pt-1-Knightfall-Doug-Moench/dp/1852865156/ref=zg_bs_g_503400_sccl_45/261-9500345-0244729?psc=1,1852865156,999999.0,999999.0,999999
Generations (Elseworlds S.),amazon.co.uk/Superman-Batman-Generations-Elseworlds-S/dp/1840231769/ref=zg_bs_g_503400_sccl_46/261-9500345-0244729?psc=1,1840231769,999999.0,999999.0,999999
The Death of Superman (Caped Crusader Classics): v. 6 (Caped Crusader Classics S.),amazon.co.uk/Death-Superman-Caped-Crusader-Classics/dp/185286480X/ref=zg_bs_g_503400_sccl_48/261-9500345-0244729?psc=1,185286480X,999999.0,999999.0,999999
Superman: Doomsday Wars (Superman S.),amazon.co.uk/Superman-Doomsday-Wars-S/dp/1840231246/ref=zg_bs_g_503400_sccl_49/261-9500345-0244729?psc=1,1840231246,999999.0,999999.0,999999
Batman: Cataclysm,amazon.co.uk/Batman-Cataclysm-Chuck-Dixon/dp/1840230959/ref=zg_bs_g_503400_sccl_50/261-9500345-0244729?psc=1,1840230959,999999.0,999999.0,999999
Stardust,amazon.co.uk/Stardust-Neil-Gaiman/dp/1840230525/ref=zg_bs_g_503400_sccl_3/261-6245488-1344864?psc=1,1840230525,999999.0,999999.0,999999
Batman: The Dark Knight Returns,amazon.co.uk/Batman-Knight-Returns-Frank-Miller/dp/1435223098/ref=zg_bs_g_503400_sccl_8/261-6245488-1344864?psc=1,1435223098,999999.0,999999.0,999999
The Complete Concrete,amazon.co.uk/Complete-Concrete-Paul-Chadwick/dp/1569710376/ref=zg_bs_g_503400_sccl_9/261-6245488-1344864?psc=1,1569710376,999999.0,999999.0,999999
Scott Snyder,amazon.co.uk/DC-Comics-Legend-Batman-Eternal/dp/1858755832/ref=zg_bs_g_503400_sccl_16/261-6245488-1344864?psc=1,1858755832,999999.0,999999.0,999999
Brian Azzarello Frank Miller,amazon.co.uk/DC-Comics-Legend-Batman-Knight/dp/1801262098/ref=zg_bs_g_503400_sccl_17/261-6245488-1344864?psc=1,1801262098,999999.0,999999.0,999999
"Artesia, Volume 1: The First Book Of Dooms",amazon.co.uk/Artesia-First-Book-Dooms/dp/1932386009/ref=zg_bs_g_503400_sccl_19/261-6245488-1344864?psc=1,1932386009,999999.0,999999.0,999999
East West Street: Winner of the Baillie Gifford Prize,amazon.co.uk/East-West-Street-Non-fiction-Book/dp/147460191X/ref=zg_bs_g_14909604031_sccl_3/258-6198311-2775128?psc=1,147460191X,999999.0,999999.0,999999
Hear No Evil: Shortlisted for the CWA Historical Dagger 2023,amazon.co.uk/Hear-No-Evil-Shortlisted-Historical/dp/1529369118/ref=zg_bs_g_14909604031_sccl_4/258-6198311-2775128?psc=1,1529369118,7.73,8.99,8.99
Is Eating People Wrong?: Great Legal Cases and How they Shaped the World,amazon.co.uk/Eating-People-Wrong-Great-Shaped/dp/0521188512/ref=zg_bs_g_14909604031_sccl_5/258-6198311-2775128?psc=1,0521188512,24.55,999999.0,24.55
Sex and Punishment: Four Thousand Years of Judging Desire,amazon.co.uk/Sex-Punishment-Thousand-Judging-Desire/dp/1908906103/ref=zg_bs_g_14909604031_sccl_6/258-6198311-2775128?psc=1,1908906103,2.19,2.19,2.19
The Rule of Laws: A 4000-year Quest to Order the World,amazon.co.uk/Rule-Laws-4000-year-Quest-Order/dp/1788163036/ref=zg_bs_g_14909604031_sccl_7/258-6198311-2775128?psc=1,1788163036,12.99,12.99,12.99
"Making Money: Coin, Currency, and the Coming of Capitalism",amazon.co.uk/Making-Money-Currency-Coming-Capitalism/dp/0198709587/ref=zg_bs_g_14909604031_sccl_8/258-6198311-2775128?psc=1,0198709587,19.99,19.99,19.99
The Oxford Edition of Dicey,amazon.co.uk/Oxford-Dicey-V/dp/0199685827/ref=zg_bs_g_14909604031_sccl_9/258-6198311-2775128?psc=1,0199685827,168.95,175.79,184.85
John Hostettler,amazon.co.uk/History-Criminal-Justice-England-Wales/dp/1904380514/ref=zg_bs_g_14909604031_sccl_10/258-6198311-2775128?psc=1,1904380514,24.95,24.95,24.95
Crime and Justice since 1750,amazon.co.uk/Crime-Justice-since-Barry-Godfrey/dp/0415708567/ref=zg_bs_g_14909604031_sccl_12/258-6198311-2775128?psc=1,0415708567,999999.0,999999.0,999999
Intellectual Property: A Very Short Introduction (Very Short Introductions),amazon.co.uk/Intellectual-Property-Short-Introduction-Introductions/dp/0195372778/ref=zg_bs_g_14909604031_sccl_13/258-6198311-2775128?psc=1,0195372778,999999.0,999999.0,999999
"  David Nicholas Bernard S Bachrach,  James M Murray",amazon.co.uk/Comparative-Perspectives-History-Historians-Festschriften/dp/1580441688/ref=zg_bs_g_14909604031_sccl_14/258-6198311-2775128?psc=1,1580441688,5.21,5.21,5.21
"Universal Declaration of Human Rights: Proclaimed by the United Nations General Assembly, Paris, December 1948",amazon.co.uk/Universal-Declaration-Human-Rights-Proclaimed/dp/1851245766/ref=zg_bs_g_14909604031_sccl_15/258-6198311-2775128?psc=1,1851245766,999999.0,6.75,6.75
The Apology of Socrates: Adapted for the Contemporary Reader: 6 (Harris Classics),amazon.co.uk/Apology-Socrates-Adapted-Contemporary-Classics/dp/1549831739/ref=zg_bs_g_14909604031_sccl_16/258-6198311-2775128?psc=1,1549831739,4.99,4.99,4.99
Math on Trial: How Numbers Get Used and Abused in the Courtroom,amazon.co.uk/Math-Trial-Numbers-Abused-Courtroom/dp/0465032923/ref=zg_bs_g_14909604031_sccl_17/258-6198311-2775128?psc=1,0465032923,999999.0,999999.0,999999
City of Debtors: A Century of Fringe Finance,amazon.co.uk/City-Debtors-Century-Fringe-Finance/dp/0674976231/ref=zg_bs_g_14909604031_sccl_19/258-6198311-2775128?psc=1,0674976231,999999.0,999999.0,999999
"Philippe Sands 2 Books Collection Set (The Ratline, East West Street)",amazon.co.uk/Philippe-Sands-Collection-Ratline-Street/dp/9124145211/ref=zg_bs_g_14909604031_sccl_20/258-6198311-2775128?psc=1,9124145211,19.99,19.99,19.99
Shades of the Prison House: A History of Incarceration in the British Isles,amazon.co.uk/Shades-Prison-House-History-Incarceration/dp/1783273313/ref=zg_bs_g_14909604031_sccl_21/258-6198311-2775128?psc=1,1783273313,999999.0,999999.0,999999
Common Law and Natural Law in America: From the Puritans to the Legal Realists (Law and Christianity),amazon.co.uk/Common-Law-Natural-America-Christianity/dp/1108701817/ref=zg_bs_g_14909604031_sccl_22/258-6198311-2775128?psc=1,1108701817,23.09,23.09,19.99
In a Different Time: The inside story of the Delmas four,amazon.co.uk/different-time-inside-story-Delmas/dp/1415200491/ref=zg_bs_g_14909604031_sccl_23/258-6198311-2775128?psc=1,1415200491,999999.0,999999.0,999999
The Law Machine,amazon.co.uk/Law-Machine-Clare-Dyer/dp/0140287566/ref=zg_bs_g_14909604031_sccl_26/258-6198311-2775128?psc=1,0140287566,999999.0,999999.0,999999
The Future of Law: Facing the Challenges of Information Technology,amazon.co.uk/Future-Law-Challenges-Information-Technology/dp/0198260075/ref=zg_bs_g_14909604031_sccl_27/258-6198311-2775128?psc=1,0198260075,999999.0,999999.0,999999
The Law Book: Big Ideas Simply Explained,amazon.co.uk/Law-Book-Ideas-Simply-Explained/dp/0241410193/ref=zg_bs_g_14909604031_sccl_29/258-6198311-2775128?psc=1,0241410193,17.43,17.43,17.43
Borkowski's Textbook on Roman Law,amazon.co.uk/Borkowskis-Textbook-Roman-Paul-Plessis/dp/0198848013/ref=zg_bs_g_14909604031_sccl_31/258-6198311-2775128?psc=1,0198848013,999999.0,999999.0,999999
Pocket Magna Carta – 1217 Text and Translation,amazon.co.uk/Pocket-Magna-Carta-1217-Translation/dp/1851244522/ref=zg_bs_g_14909604031_sccl_32/258-6198311-2775128?psc=1,1851244522,5.99,999999.0,5.99
Environmental Law: A Very Short Introduction (Very Short Introductions),amazon.co.uk/Environmental-Law-Short-Introduction-Introductions/dp/0198794185/ref=zg_bs_g_14909604031_sccl_34/258-6198311-2775128?psc=1,0198794185,7.45,7.45,7.45
Alan R Borthwick,amazon.co.uk/Law-Lordship-Tenure-Black-Douglases/dp/0995544123/ref=zg_bs_g_14909604031_sccl_35/258-6198311-2775128?psc=1,0995544123,15.0,15.0,15.00
PURSUIT OF JUSTICE C,amazon.co.uk/Pursuit-Justice-Lord-Woolf/dp/0199217092/ref=zg_bs_g_14909604031_sccl_36/258-6198311-2775128?psc=1,0199217092,999999.0,999999.0,999999
Magna Carta: The True Story Behind the Charter,amazon.co.uk/Magna-Carta-Story-Behind-Charter/dp/1473610079/ref=zg_bs_g_14909604031_sccl_38/258-6198311-2775128?psc=1,1473610079,999999.0,999999.0,999999
The Angel Makers: The True Crime Story of the Most Astonishing Murder Ring in History,amazon.co.uk/Angel-Makers-Astonishing-Murder-History/dp/0008579539/ref=zg_bs_g_14909604031_sccl_39/258-6198311-2775128?psc=1,0008579539,999999.0,999999.0,999999
"Harris's list of Covent-Garden ladies: or man of pleasure's kalendar, for the year 1773. Containing an exact description of the most celebrated ladies of pleasure ...",amazon.co.uk/Harriss-list-Covent-Garden-ladies-description/dp/117013906X/ref=zg_bs_g_14909604031_sccl_41/258-6198311-2775128?psc=1,117013906X,999999.0,999999.0,999999
James H. Mills,amazon.co.uk/Cannabis-Nation-Control-Consumption-1928-2008/dp/0199283427/ref=zg_bs_g_14909604031_sccl_44/258-6198311-2775128?psc=1,0199283427,999999.0,999999.0,999999
Law: A Very Short Introduction 2/e (Very Short Introductions),amazon.co.uk/Law-Very-Short-Introduction-Introductions/dp/0198745621/ref=zg_bs_g_14909604031_sccl_45/258-6198311-2775128?psc=1,0198745621,999999.0,999999.0,999999
Early Greek Lawgivers (Classical World Series),amazon.co.uk/Early-Greek-Lawgivers-Classical-World/dp/1853996971/ref=zg_bs_g_14909604031_sccl_47/258-6198311-2775128?psc=1,1853996971,999999.0,999999.0,999999
"One Mighty and Irresistible Tide: The Epic Struggle Over American Immigration, 1924?1965",amazon.co.uk/One-Mighty-Irresistible-Tide-Immigration/dp/0393867528/ref=zg_bs_g_14909604031_sccl_49/258-6198311-2775128?psc=1,0393867528,999999.0,999999.0,999999
Law's Strangest Cases: Extraordinary but true tales from over five centuries of legal history,amazon.co.uk/Laws-Strangest-Cases-Extraordinary-Centuries/dp/1910232890/ref=zg_bs_g_14909604031_sccl_50/258-6198311-2775128?psc=1,1910232890,999999.0,999999.0,999999
The Lancashire Witches: Histories and Stories,amazon.co.uk/Lancashire-Witches-Histories-Stories/dp/0719062047/ref=zg_bs_g_14909604031_sccl_1/260-7910011-4539812?psc=1,0719062047,999999.0,999999.0,999999
"Women Police: Gender, Welfare and Surveillance in the Twentieth Century (Gender in History)",amazon.co.uk/Police-Gender-History-Louise-Jackson/dp/0719089107/ref=zg_bs_g_14909604031_sccl_3/260-7910011-4539812?psc=1,0719089107,14.99,14.99,14.99
The Reinvention of Magna Carta 1216–1616 (Cambridge Studies in English Legal History),amazon.co.uk/Reinvention-1216-1616-Cambridge-Studies-English/dp/1316637573/ref=zg_bs_g_14909604031_sccl_4/260-7910011-4539812?psc=1,1316637573,36.99,36.99,36.99
"Dirt for Art's Sake: Books on Trial from ""Madame Bovary"" to ""Lolita""",amazon.co.uk/Dirt-Arts-Sake-Madame-Version/dp/0801474108/ref=zg_bs_g_14909604031_sccl_5/260-7910011-4539812?psc=1,0801474108,999999.0,999999.0,999999
Free Speech: A Global History from Socrates to Social Media,amazon.co.uk/Free-Speech-Global-History-Socrates/dp/1529382211/ref=zg_bs_g_14909604031_sccl_6/260-7910011-4539812?psc=1,1529382211,11.99,11.99,11.99
Comparative Law: An Introduction to the Comparative Method of Legal Study and Research,amazon.co.uk/Comparative-Law-H-C-Gutteridge/dp/1107594723/ref=zg_bs_g_14909604031_sccl_7/260-7910011-4539812?psc=1,1107594723,999999.0,999999.0,999999
William Eves,amazon.co.uk/Common-Law-Civil-Colonial-Comparative/dp/110892512X/ref=zg_bs_g_14909604031_sccl_10/260-7910011-4539812?psc=1,110892512X,21.99,21.99,21.99
"The History Thieves: Secrets, Lies and the Shaping of a Modern Nation",amazon.co.uk/History-Thieves-Secrets-Shaping-Modern/dp/1846275857/ref=zg_bs_g_14909604031_sccl_11/260-7910011-4539812?psc=1,1846275857,999999.0,999999.0,999999
Servants of the Damned: giant law firms and the corruption of justice,amazon.co.uk/Servants-Damned-giant-corruption-justice/dp/1914484460/ref=zg_bs_g_14909604031_sccl_13/260-7910011-4539812?psc=1,1914484460,999999.0,999999.0,999999
The Ticket Collector from Belarus: An Extraordinary True Story of Britain's Only War Crimes Trial,amazon.co.uk/Ticket-Collector-Belarus-Extraordinary-Britains/dp/1398503290/ref=zg_bs_g_14909604031_sccl_14/260-7910011-4539812?psc=1,1398503290,8.39,8.39,8.39
A History of the Supreme Court,amazon.co.uk/History-Supreme-Court-Bernard-Schwartz/dp/0195093879/ref=zg_bs_g_14909604031_sccl_15/260-7910011-4539812?psc=1,0195093879,999999.0,999999.0,999999
East West Street: on the origins of genocide and crimes against humanity: Non-fiction Book of the Year 2017,amazon.co.uk/East-West-Street-Non-fiction-Book/dp/1474601901/ref=zg_bs_g_14909604031_sccl_16/260-7910011-4539812?psc=1,1474601901,999999.0,999999.0,999999
The Cheese and the Worms: The Cosmos of a Sixteenth-Century Miller,amazon.co.uk/Cheese-Worms-Cosmos-Sixteenth-Century-Miller/dp/1421409887/ref=zg_bs_g_14909604031_sccl_17/260-7910011-4539812?psc=1,1421409887,19.0,19.0,999999
Disorder in the Court: Great Fractured Moments in Courtroom History,amazon.co.uk/Disorder-Court-Fractured-Moments-Courtroom/dp/0393319288/ref=zg_bs_g_14909604031_sccl_20/260-7910011-4539812?psc=1,0393319288,9.32,999999.0,999999
"Lord Denning: Life, Law and Legacy",amazon.co.uk/Lord-Denning-Life-Law-Legacy/dp/0854902945/ref=zg_bs_g_14909604031_sccl_21/260-7910011-4539812?psc=1,0854902945,28.59,28.59,28.59
The Ten Legal Cases That Made Modern Britain,amazon.co.uk/Legal-Cases-That-Modern-Britain/dp/1785906623/ref=zg_bs_g_14909604031_sccl_23/260-7910011-4539812?psc=1,1785906623,20.0,20.0,20.00
"Dead Hands: A Social History of Wills, Trusts, and Inheritance Law",amazon.co.uk/Dead-Hands-History-Inheritance-Stanford/dp/0804762090/ref=zg_bs_g_14909604031_sccl_26/260-7910011-4539812?psc=1,0804762090,16.99,16.99,16.99
Introduction to English Legal History,amazon.co.uk/Introduction-English-Legal-History-Baker/dp/0198812612/ref=zg_bs_g_14909604031_sccl_27/260-7910011-4539812?psc=1,0198812612,36.99,36.99,36.99
Jurisprudence Essentials (Law Essentials),amazon.co.uk/Jurisprudence-Essentials-Law-Duncan-Spiers/dp/1845861094/ref=zg_bs_g_14909604031_sccl_28/260-7910011-4539812?psc=1,1845861094,999999.0,999999.0,999999
Stephen Cretney,amazon.co.uk/Family-Law-Twentieth-Century-History/dp/0199280916/ref=zg_bs_g_14909604031_sccl_30/260-7910011-4539812?psc=1,0199280916,999999.0,999999.0,999999
"The History Thieves: Secrets, Lies and the Shaping of a Modern Nation",amazon.co.uk/History-Thieves-Secrets-Shaping-Modern/dp/1846275830/ref=zg_bs_g_14909604031_sccl_81/260-7910011-4539812?psc=1,1846275830,999999.0,999999.0,999999
Free Speech: A Global History from Socrates to Social Media,amazon.co.uk/Free-Speech-Global-History-Socrates/dp/152938219X/ref=zg_bs_g_14909604031_sccl_82/260-7910011-4539812?psc=1,152938219X,999999.0,999999.0,999999
A Concise History of the Common Law. Fifth Edition.,amazon.co.uk/Concise-History-Common-Law-Fifth/dp/1616191244/ref=zg_bs_g_14909604031_sccl_83/260-7910011-4539812?psc=1,1616191244,999999.0,47.1,47.10
The Snail and the Ginger Beer: The Singular Case of Donoghue v Stevenson,amazon.co.uk/Snail-Ginger-Beer-Singular-Stevenson/dp/0854900497/ref=zg_bs_g_14909604031_sccl_84/260-7910011-4539812?psc=1,0854900497,999999.0,999999.0,999999
Don Hale,amazon.co.uk/Law-Makers-Enforcers-Including-Victorian/dp/1493739336/ref=zg_bs_g_14909604031_sccl_85/260-7910011-4539812?psc=1,1493739336,5.37,5.37,5.37
The Ludicrous Laws of Old London,amazon.co.uk/Ludicrous-Laws-Old-London/dp/1472137469/ref=zg_bs_g_14909604031_sccl_86/260-7910011-4539812?psc=1,1472137469,999999.0,999999.0,999999
Joyce in Court,amazon.co.uk/Joyce-Court-Adrian-Hardiman/dp/1786691590/ref=zg_bs_g_14909604031_sccl_88/260-7910011-4539812?psc=1,1786691590,999999.0,999999.0,999999
No Property in Man: Slavery and Antislavery at the Nations Founding: 18 (The Nathan I. Huggins Lectures),amazon.co.uk/No-Property-Man-Antislavery-Founding/dp/0674972228/ref=zg_bs_g_14909604031_sccl_90/260-7910011-4539812?psc=1,0674972228,999999.0,999999.0,999999
Sharon Hubbs Wright,amazon.co.uk/Everyday-Magicians-Records-Manuscripts-Sourcebooks/dp/0271093935/ref=zg_bs_g_14909604031_sccl_91/260-7910011-4539812?psc=1,0271093935,18.95,18.95,18.95
"Roman Law in the State of Nature: The Classical Foundations of Hugo Grotius' Natural Law: 108 (Ideas in Context, Series Number 108)",amazon.co.uk/Roman-Law-State-Nature-Foundations/dp/1107470161/ref=zg_bs_g_14909604031_sccl_92/260-7910011-4539812?psc=1,1107470161,21.27,21.27,15.53
"The Solidarities of Strangers: The English Poor Laws and the People, 1700-1948",amazon.co.uk/Solidarities-Strangers-English-People-1700-1948/dp/0521030668/ref=zg_bs_g_14909604031_sccl_93/260-7910011-4539812?psc=1,0521030668,999999.0,999999.0,999999
Not Enough: Human Rights in an Unequal World,amazon.co.uk/Not-Enough-Human-Rights-Unequal/dp/0674737563/ref=zg_bs_g_14909604031_sccl_95/260-7910011-4539812?psc=1,0674737563,999999.0,999999.0,999999
The London Hanged: Crime And Civil Society In The Eighteenth Century,amazon.co.uk/London-Hanged-Society-Eighteenth-Century/dp/1859845762/ref=zg_bs_g_14909604031_sccl_96/260-7910011-4539812?psc=1,1859845762,999999.0,999999.0,999999
The Company-State: Corporate Sovereignty And The Early Modern Foundations Of The British Empire In India,amazon.co.uk/Company-State-Corporate-Sovereignty-Foundations-British/dp/0199930368/ref=zg_bs_g_14909604031_sccl_97/260-7910011-4539812?psc=1,0199930368,22.49,22.49,22.49
Discovering Indigenous Lands: The Doctrine of Discovery in the English Colonies,amazon.co.uk/Discovering-Indigenous-Lands-Doctrine-Discovery/dp/019965185X/ref=zg_bs_g_14909604031_sccl_98/260-7910011-4539812?psc=1,019965185X,28.49,28.49,28.49
Lindsay Farmer,amazon.co.uk/Making-Modern-Criminal-Law-Criminalization/dp/0199568642/ref=zg_bs_g_14909604031_sccl_99/260-7910011-4539812?psc=1,0199568642,999999.0,999999.0,999999
Is Killing People Right?: More Great Cases that Shaped the Legal World,amazon.co.uk/Killing-People-Right-Great-Shaped/dp/1107560888/ref=zg_bs_g_14909604031_sccl_100/260-7910011-4539812?psc=1,1107560888,999999.0,999999.0,999999
