Title,Link,ISBN,10/06/2023,11/06/2023,12/06/2023,05/07/2023
Lessons in Chemistry: The No. 1 Sunday Times bestseller and BBC Between the Covers Book Club pick,amazon.co.uk/Lessons-Chemistry-Sunday-bestseller-Between/dp/1804990922/ref=zg_bs_books_sccl_1/258-7218185-2930450?psc=1,1804990922,3.99,3.99,3.99,5.49
Ultra-Processed People: Why Do We All Eat Stuff That Isn’t Food … and Why Can’t We Stop?,amazon.co.uk/Ultra-Processed-People-Stuff-That-Isnt/dp/1529900050/ref=zg_bs_books_sccl_2/258-7218185-2930450?psc=1,1529900050,12.64,12.64,12.64,11.94
Hack Your Hormones: The Number One Sunday Times Bestseller,amazon.co.uk/Hack-Your-Hormones-Effortless-energy/dp/1398709611/ref=zg_bs_books_sccl_3/258-7218185-2930450?psc=1,1398709611,8.97,8.95,8.95,8.00
The Extra Mile: The Inspirational Number One Bestseller,amazon.co.uk/Extra-Mile-My-Autobiography/dp/152990305X/ref=zg_bs_books_sccl_4/258-7218185-2930450?psc=1,152990305X,10.99,10.99,10.99,10.00
The Bullet That Missed: (The Thursday Murder Club 3),amazon.co.uk/Bullet-That-Missed-Thursday-Murder/dp/0241992389/ref=zg_bs_books_sccl_5/258-7218185-2930450?psc=1,241992389,5.95,5.51,5.51,5.51
"The Glucose Goddess Method: Your four-week guide to cutting cravings, getting your energy back, and feeling amazing. With 100+ super easy recipes",amazon.co.uk/Glucose-Goddess-Method-four-week-cravings/dp/1915780004/ref=zg_bs_books_sccl_6/258-7218185-2930450?psc=1,1915780004,11.99,11.99,11.99,11.95
Bored of Lunch: The Healthy Air Fryer Book: THE NO.1 BESTSELLER,amazon.co.uk/Bored-Lunch-Healthy-Fryer-Book/dp/1529903521/ref=zg_bs_books_sccl_7/258-7218185-2930450?psc=1,1529903521,5.45,5.45,4.99 to £24.99,4.99 to £24.99
Atomic Habits: the life-changing million-copy #1 bestseller,amazon.co.uk/Atomic-Habits-Proven-Build-Break/dp/1847941834/ref=zg_bs_books_sccl_8/258-7218185-2930450?psc=1,1847941834,8.49,7.95,8.79,8.99
You Grow Girl!: The Complete No Worries Guide to Growing Up,amazon.co.uk/You-Grow-Girl-Worries-Growing/dp/1526365154/ref=zg_bs_books_sccl_9/258-7218185-2930450?psc=1,1526365154,7.58,8.45,8.45,8.07
"It Ends With Us: The emotional #1 Sunday Times bestseller (Lily & Atlas, 1)",amazon.co.uk/Ends-Us-Colleen-Hoover/dp/1471156265/ref=zg_bs_books_sccl_10/258-7218185-2930450?psc=1,1471156265,5.36,5.49,5.49,4.75
Kate Allinson,amazon.co.uk/Pinch-Nom-Budget-Affordable-Delicious/dp/1035022176/ref=zg_bs_books_sccl_11/258-7218185-2930450?psc=1,1035022176,11.22,11.22,11.22,9.45
Bluey: My Dad Is Awesome,amazon.co.uk/Bluey-My-Dad-Awesome/dp/024155067X/ref=zg_bs_books_sccl_12/258-7218185-2930450?psc=1,024155067X,5.85,5.85,5.85,5.05
"Atlas: The Story of Pa Salt: The epic conclusion to the Seven Sisters series (The Seven Sisters, 8)",amazon.co.uk/Atlas-Story-Salt-Seven-Sisters/dp/1529043522/ref=zg_bs_books_sccl_13/258-7218185-2930450?psc=1,1529043522,10.19,10.19,10.19,9.70
Verity: The thriller that will capture your heart and blow your mind,amazon.co.uk/Verity-thriller-that-capture-heart/dp/1408726602/ref=zg_bs_books_sccl_14/258-7218185-2930450?psc=1,1408726602,5.36,5.65,5.65,5.59
Ramin Zahed,amazon.co.uk/Spider-Man-Across-Spider-Verse-Art-Movie/dp/1419763997/ref=zg_bs_books_sccl_15/258-7218185-2930450?psc=1,1419763997,26.95,26.95,26.95,31.00
Happy Place: The new #1 Sunday Times bestselling novel from the author of Beach Read and Book Lovers,amazon.co.uk/Happy-Place-Pre-order-sensation-bestselling/dp/0241609461/ref=zg_bs_books_sccl_16/258-7218185-2930450?psc=1,241609461,8.25,8.24,7.98,7.98
Where's Spidey?: A Marvel Spider-Man search & find book,amazon.co.uk/Wheres-Spidey-Spider-Man-search-find/dp/1800783019/ref=zg_bs_books_sccl_17/258-7218185-2930450?psc=1,1800783019,3.49,3.49,3.49,3.84
Demon Copperhead: Winner of 2023 Pulitzer Prize for Fiction,amazon.co.uk/Demon-Copperhead-Without-doubt-Atkinson/dp/0571376487/ref=zg_bs_books_sccl_18/258-7218185-2930450?psc=1,571376487,5.99,5.87,5.99,8.59
Yellowface: The instant #1 Sunday Times bestseller and Summer 2023’s most anticipated new thriller from author R.F. Kuang,amazon.co.uk/Yellowface-book-year-landed-hands/dp/000853277X/ref=zg_bs_books_sccl_19/258-7218185-2930450?psc=1,000853277X,9.99,9.99,9.68,9.65
A Death in the Parish: The sequel to Murder Before Evensong (Canon Clement Mystery),amazon.co.uk/Untitled-Canon-Clement-Mystery-2/dp/1474612679/ref=zg_bs_books_sccl_20/258-7218185-2930450?psc=1,1474612679,11.09,11.09,6.99,11.82
"Hitler, Stalin, Mum and Dad: A Family Memoir of Miraculous Survival",amazon.co.uk/Hitler-Stalin-Mum-Dad-Family/dp/0008483841/ref=zg_bs_books_sccl_21/258-7218185-2930450?psc=1,8483841,19.99,19.99,19.99,18.55
Act of Oblivion: The Thrilling new novel from the no. 1 bestseller Robert Harris,amazon.co.uk/Act-Oblivion-Thrilling-bestseller-Robert/dp/1529160324/ref=zg_bs_books_sccl_22/258-7218185-2930450?psc=1,1529160324,8.75,8.75,8.75,5.95
The Guilty Couple: The must-read Richard & Judy Book Club pick for 2023 from the Sunday Times million-copy crime thriller bestseller,amazon.co.uk/Guilty-Couple-nail-biting-unputdownable-million-copy/dp/0008379297/ref=zg_bs_books_sccl_23/258-7218185-2930450?psc=1,8379297,5.85,5.85,5.85,7.03
The official highway code,amazon.co.uk/official-highway-Driver-Vehicle-Standards/dp/0115539956/ref=zg_bs_books_sccl_24/258-7218185-2930450?psc=1,115539956,5.99,5.99,5.99,5.75
The Satsuma Complex,amazon.co.uk/Satsuma-Complex-Bob-Mortimer/dp/139852123X/ref=zg_bs_books_sccl_25/258-7218185-2930450?psc=1,139852123X,5.95,5.93,5.93,5.80
"The Maid: The Sunday Times and No.1 New York Times bestseller, and Winner of the Goodreads Choice Awards for best mystery thriller",amazon.co.uk/Maid-instant-bestseller-gripping-everyones/dp/0008435766/ref=zg_bs_books_sccl_26/258-7218185-2930450?psc=1,8435766,5.56,6.35,6.35,5.38
Bored of Lunch: The Healthy Slow Cooker Book: THE NUMBER ONE BESTSELLER,amazon.co.uk/Bored-Lunch-Healthy-Slow-Cooker/dp/1529903548/ref=zg_bs_books_sccl_27/258-7218185-2930450?psc=1,1529903548,18.99,4.99 to £24.99,4.99 to £24.99,4.99 to £24.99
Fourth Wing: Discover TikTok's newest fantasy romance obsession with this BBC Radio 2 Book Club Pick! (The Empyrean),amazon.co.uk/Fourth-Wing-Discover-obsession-Empyrean/dp/0349436991/ref=zg_bs_books_sccl_28/258-7218185-2930450?psc=1,349436991,16.93,14.99,14.86,15.52
Outlive: The Science and Art of Longevity,amazon.co.uk/Outlive-Science-Longevity-Peter-Attia/dp/1785044540/ref=zg_bs_books_sccl_29/258-7218185-2930450?psc=1,1785044540,16.24,16.24,15.99,16.76
It Starts with Us the highly anticipated sequel to IT ENDS WITH US - Versione inglese,amazon.co.uk/Starts-Us-Colleen-Hoover/dp/1398518166/ref=zg_bs_books_sccl_30/258-7218185-2930450?psc=1,1398518166,8.89,8.89,8.89,8.75
Murder Before Evensong: The instant no. 1 Sunday Times bestseller (Canon Clement Mystery),amazon.co.uk/Murder-Before-Evensong-instant-bestseller/dp/1474612644/ref=zg_bs_books_sccl_31/258-7218185-2930450?psc=1,1474612644,5.88,5.88,5.88,5.80
The Man Who Died Twice: (The Thursday Murder Club 2),amazon.co.uk/Died-Twice-Thursday-Murder-Club/dp/0241988241/ref=zg_bs_books_sccl_32/258-7218185-2930450?psc=1,241988241,5.57,5.57,5.57,4.38
Why Has Nobody Told Me This Before?: The No 1 Sunday Times Bestseller 2022,amazon.co.uk/Why-Nobody-Told-This-Before/dp/0241529719/ref=zg_bs_books_sccl_33/258-7218185-2930450?psc=1,241529719,7.4,7.99,7.99,7.25
"Menopausing: Book of the Year, The British Book Awards 2023, and Sunday Times bestselling self-help guide, to help you cope with symptoms and live your best life during menopause",amazon.co.uk/Menopausing-hugely-anticipated-taboo-busting-Davina/dp/0008517789/ref=zg_bs_books_sccl_34/258-7218185-2930450?psc=1,8517789,10.9,10.90,10.90,11.00
Richard Osman,amazon.co.uk/Last-Devil-Die-Thursday-Murder/dp/0241512441/ref=zg_bs_books_sccl_35/258-7218185-2930450?psc=1,241512441,15.67,15.67,15.67,15.55
Undoctored: The brand new No 1 Sunday Times bestseller from the author of 'This Is Going To Hurt’,amazon.co.uk/Undoctored-brand-Sunday-bestseller-author/dp/1398700398/ref=zg_bs_books_sccl_36/258-7218185-2930450?psc=1,1398700398,9.11,9.11,9.11,5.00
"The Family Remains: the gripping Sunday Times No. 1 bestseller (The Family Upstairs, 2)",amazon.co.uk/Family-Remains-gripping-bestseller-Upstairs/dp/1529158567/ref=zg_bs_books_sccl_37/258-7218185-2930450?psc=1,1529158567,6.05,6.05,6.05,6.80
The Midnight Library: The No.1 Sunday Times bestseller and worldwide phenomenon,amazon.co.uk/Midnight-Library-Matt-Haig/dp/1786892731/ref=zg_bs_books_sccl_38/258-7218185-2930450?psc=1,1786892731,4.96,4.79,4.79,4.80
Ugly Love: a novel,amazon.co.uk/Ugly-Love-Colleen-Hoover/dp/1471136728/ref=zg_bs_books_sccl_39/258-7218185-2930450?psc=1,1471136728,2.2,2.20,2.20,2.20
Rich Dad Poor Dad: What the Rich Teach Their Kids About Money That the Poor and Middle Class Do Not!,amazon.co.uk/Rich-Dad-Poor-Teach-Middle/dp/1612681131/ref=zg_bs_books_sccl_40/258-7218185-2930450?psc=1,1612681131,7.2,7.20,7.20,5.00
"No More Nappies: A Potty-Training Book (Campbell Big Steps, 2)",amazon.co.uk/No-More-Nappies-Potty-Training-Steps/dp/1509836314/ref=zg_bs_books_sccl_41/258-7218185-2930450?psc=1,1509836314,6.46,6.28,6.28,6.37
Eject! Eject!,amazon.co.uk/Eject-John-Nichol/dp/139850940X/ref=zg_bs_books_sccl_42/258-7218185-2930450?psc=1,139850940X,10.89,10.89,10.88,10.99
Old Rage: 'One of our best-loved actor's powerful riposte to a world driving her mad’ - DAILY MAIL,amazon.co.uk/Old-Rage-best-loved-powerful-riposte/dp/152664746X/ref=zg_bs_books_sccl_43/258-7218185-2930450?psc=1,152664746X,8.45,8.45,8.45,8.45
"Seven Husbands of Evelyn Hugo: The Sunday Times Bestseller (California dream (crossover) serie, 1)",amazon.co.uk/Seven-Husbands-Evelyn-Hugo-Bestseller/dp/1398515698/ref=zg_bs_books_sccl_44/258-7218185-2930450?psc=1,1398515698,4.49,4.49,4.49,4.99
Shrines of Gaiety: From the global No.1 bestselling author of Life After Life,amazon.co.uk/Shrines-Gaiety-global-bestselling-author/dp/1804991058/ref=zg_bs_books_sccl_45/258-7218185-2930450?psc=1,1804991058,6.15,6.09,6.09,6.49
The Very Hungry Caterpillar [Board Book]: Eric Carle,amazon.co.uk/Very-Hungry-Caterpillar-Board-Book/dp/0241003008/ref=zg_bs_books_sccl_46/258-7218185-2930450?psc=1,241003008,5.13,5.09,5.09,5.05
Kate Garraway,amazon.co.uk/STRENGTH-LOVE-BONN07-KATE-GARRAWAY/dp/1788707400/ref=zg_bs_books_sccl_47/258-7218185-2930450?psc=1,1788707400,999999.0,999999,999999,19.99
The 48 Laws Of Power: Robert Greene (The Modern Machiavellian Robert Greene),amazon.co.uk/Laws-Power-Robert-Greene-Collection/dp/1861972784/ref=zg_bs_books_sccl_48/258-7218185-2930450?psc=1,1861972784,11.38,12.50,12.50,1.50
"The Boy, The Mole, The Fox and The Horse",amazon.co.uk/Boy-Mole-Fox-Horse/dp/1529105102/ref=zg_bs_books_sccl_49/258-7218185-2930450?psc=1,1529105102,9.89,9.78,9.78,9.00
Fairy Tale: Stephen King,amazon.co.uk/Fairy-Tale-Stephen-King/dp/1399705458/ref=zg_bs_books_sccl_50/258-7218185-2930450?psc=1,1399705458,6.09,6.09,6.09,6.30
Mama Still Got It,amazon.co.uk/Mama-Still-Got-Louise-Boyce/dp/0008561842/ref=zg_bs_books_sccl_1/258-0570336-2689444?psc=1,8561842,12.21,12.21,12.21,12.49
Ragged Edge: The brutal true story of the Isle of Man TT - the world's most dangerous race,amazon.co.uk/Ragged-Edge-brutal-worlds-dangerous/dp/1789466806/ref=zg_bs_books_sccl_2/258-0570336-2689444?psc=1,1789466806,14.0,14.00,14.00,14.23
Icebreaker,amazon.co.uk/Icebreaker-Hannah-Grace/dp/1398525685/ref=zg_bs_books_sccl_3/258-0570336-2689444?psc=1,1398525685,5.72,5.49,5.49,5.72
Supertato: Mean Green Time Machine: A brand-new adventure in the blockbuster series!,amazon.co.uk/Supertato-Machine-brand-new-adventure-blockbuster/dp/1398511676/ref=zg_bs_books_sccl_4/258-0570336-2689444?psc=1,1398511676,7.26,7.26,7.26,5.99
How To Kill Your Family: THE #1 SUNDAY TIMES BESTSELLER,amazon.co.uk/How-Kill-Your-Family-BESTSELLER/dp/0008365946/ref=zg_bs_books_sccl_5/258-0570336-2689444?psc=1,8365946,5.49,5.49,5.49,5.62
Nov-09,amazon.co.uk/November-9-Colleen-Hoover/dp/1471154629/ref=zg_bs_books_sccl_6/258-0570336-2689444?psc=1,1471154629,5.83,5.83,5.83,5.33
Where the Crawdads Sing: Delia Owens,amazon.co.uk/Where-Crawdads-Sing-Delia-Owens/dp/1472154665/ref=zg_bs_books_sccl_7/258-0570336-2689444?psc=1,1472154665,4.49,4.49,4.49,5.49
"The Family Upstairs: The #1 bestseller. ‘I read it all in one sitting’ – Colleen Hoover (The Family Upstairs, 1)",amazon.co.uk/Family-Upstairs-Number-bestseller-author/dp/1787461483/ref=zg_bs_books_sccl_8/258-0570336-2689444?psc=1,1787461483,5.65,5.65,5.65,5.90
Tom Kerridge's Outdoor Cooking: The ultimate modern barbecue bible,amazon.co.uk/Tom-Kerridges-Outdoor-Cooking-ultimate/dp/1526641429/ref=zg_bs_books_sccl_9/258-0570336-2689444?psc=1,1526641429,11.39,11.39,4.99,4.99
Dog Man 11: Twenty Thousand Fleas Under the Sea (the latest full colour book in the million-copy selling Dog Man series!),amazon.co.uk/Dog-Man-11-Thousand-million-copy/dp/1338801910/ref=zg_bs_books_sccl_10/258-0570336-2689444?psc=1,1338801910,7.21,7.21,6.99,7.64
A Heart Full of Headstones: The Gripping New Must-Read Thriller from the No.1 Bestseller Ian Rankin,amazon.co.uk/Untitled-Pre-Order-Now-Ian-Rankin/dp/1398709387/ref=zg_bs_books_sccl_11/258-0570336-2689444?psc=1,1398709387,6.49,6.49,6.49,6.49
Mr Men: My Daddy: The Perfect Gift for Father’s Day,amazon.co.uk/Mr-Men-Daddy-Little-Miss/dp/1405297816/ref=zg_bs_books_sccl_12/258-0570336-2689444?psc=1,1405297816,6.23,6.02,6.02,4.94
Never Never: TikTok made me buy it! The Sunday Times bestselling romantic thriller from BookTok sensation and bestselling author of It Ends with Us and bestselling author of The Wives,amazon.co.uk/Never-bestselling-romantic-thriller-sensation/dp/0008620482/ref=zg_bs_books_sccl_13/258-0570336-2689444?psc=1,8620482,5.92,5.89,5.83,4.75
Surviving to Drive: The No. 1 Sunday Times Bestseller,amazon.co.uk/Surviving-Drive-Sunday-Times-Bestseller/dp/1787636275/ref=zg_bs_books_sccl_14/258-0570336-2689444?psc=1,1787636275,12.09,12.09,12.09,10.00
Glucose Revolution: The life-changing power of balancing your blood sugar,amazon.co.uk/How-Glucose-Goddess-life-changing-balancing/dp/178072523X/ref=zg_bs_books_sccl_15/258-0570336-2689444?psc=1,178072523X,7.2,7.20,7.20,7.20
Guess How Much I Love You,amazon.co.uk/Guess-How-Much-Love-You/dp/1406358789/ref=zg_bs_books_sccl_16/258-0570336-2689444?psc=1,1406358789,4.89,4.89,4.89,6.46
"The Body Keeps the Score: Mind, Brain and Body in the Transformation of Trauma",amazon.co.uk/Body-Keeps-Score-Transformation-Trauma/dp/0141978619/ref=zg_bs_books_sccl_17/258-0570336-2689444?psc=1,141978619,9.85,9.85,9.85,7.25
Trespasses: THE NO. 1 BESTSELLER - SHORTLISTED FOR THE WOMEN'S PRIZE 2023,amazon.co.uk/Trespasses-Intense-unflinchingly-honest-million/dp/1526623366/ref=zg_bs_books_sccl_18/258-0570336-2689444?psc=1,1526623366,8.03,8.03,8.03,8.18
Bluey: Where's Bluey?: A Search-and-Find Book,amazon.co.uk/Bluey-Wheres-Search-Find-Book/dp/0241558573/ref=zg_bs_books_sccl_19/258-0570336-2689444?psc=1,241558573,5.65,5.65,5.65,5.65
Pageboy: A Memoir,amazon.co.uk/Pageboy-Memoir-Elliot-Page/dp/0857529285/ref=zg_bs_books_sccl_20/258-0570336-2689444?psc=1,857529285,15.53,15.52,15.52,15.03
"The Fast 800 Keto Recipe Book: Delicious low-carb recipes, for rapid weight loss and long-term health: The Sunday Times Bestseller (The Fast 800 Series)",amazon.co.uk/Fast-800-Keto-Recipe-Book/dp/1780725132/ref=zg_bs_books_sccl_21/258-0570336-2689444?psc=1,1780725132,9.89,9.89,9.89,9.89
"The Wild Card: The captivating, uplifting and addictive summer read you don’t want to miss in 2023!",amazon.co.uk/Wild-Card-Judy-Murray/dp/1398711330/ref=zg_bs_books_sccl_22/258-0570336-2689444?psc=1,1398711330,12.0,12.00,12.00,10.22
Unbreakable,amazon.co.uk/Unbreakable-Ronnie-OSullivan/dp/1399610015/ref=zg_bs_books_sccl_23/258-0570336-2689444?psc=1,1399610015,8.5,8.50,11.00,11.00
"Next in Line: The latest book from the Sunday Times bestselling author, the must-read new crime-thriller of 2023 (William Warwick Novels)",amazon.co.uk/Next-Line-bestselling-must-read-crime-thriller/dp/0008474362/ref=zg_bs_books_sccl_24/258-0570336-2689444?psc=1,8474362,8.25,8.25,8.25,5.83
Katie Kirby,amazon.co.uk/Lottie-Brooks-book/dp/0241562058/ref=zg_bs_books_sccl_25/258-0570336-2689444?psc=1,241562058,9.85,9.85,9.85,7.95
"Ninja Dual Zone Air Fryer Cookbook for Beginners: Nutritious and Cutting-edge Ninja Air Fryer Recipes Designed for Busy Home Cooks, with Twice the Flavor and Half the Time",amazon.co.uk/Ninja-Dual-Fryer-Cookbook-Beginners/dp/B0C5PDQPQ5/ref=zg_bs_books_sccl_26/258-0570336-2689444?psc=1,B0C5PDQPQ5,4.99,4.99,4.99,10.49
"A Good Girl's Guide to Murder: TikTok made me buy it! The first book in the bestselling thriller trilogy, as seen in Netflix’s Heartstopper! (A Good Girl’s Guide to Murder, Book 1)",amazon.co.uk/Good-Girls-Guide-Murder/dp/1405293187/ref=zg_bs_books_sccl_27/258-0570336-2689444?psc=1,1405293187,4.89,4.89,4.89,5.40
Jane Dunn,amazon.co.uk/JP-EVERYDAY-Jane-Dunn/dp/1529196817/ref=zg_bs_books_sccl_28/258-0570336-2689444?psc=1,1529196817,15.15,15.15,15.15,13.85
"Piano Exam Pieces 2023 & 2024, ABRSM Grade 1: Selected from the 2023 & 2024 syllabus (ABRSM Exam Pieces)",amazon.co.uk/Piano-Exam-Pieces-ABRSM-Grade/dp/1786013975/ref=zg_bs_books_sccl_29/258-0570336-2689444?psc=1,1786013975,5.2,5.20,5.20,8.50
The Thursday Murder Club: (The Thursday Murder Club 1),amazon.co.uk/Thursday-Murder-Club-Record-Breaking-Bestseller/dp/0241988268/ref=zg_bs_books_sccl_30/258-0570336-2689444?psc=1,241988268,2.0,2.00,2.00,2.00
"Daisy Jones and The Six: From the author of the hit TV series (California dream (crossover) serie, 2)",amazon.co.uk/Daisy-Jones-Six-most-novel/dp/1787462145/ref=zg_bs_books_sccl_81/258-0570336-2689444?psc=1,1787462145,5.5,5.50,5.50,5.50
"The Silent Patient: The record-breaking, multimillion copy Sunday Times bestselling thriller and TikTok sensation",amazon.co.uk/Silent-Patient-Alex-Michaelides/dp/1409181634/ref=zg_bs_books_sccl_82/258-0570336-2689444?psc=1,1409181634,6.2,6.20,6.20,6.20
Dear Zoo: The Lift-the-flap Preschool Classic,amazon.co.uk/Dear-Zoo-Anniversary-Rod-Campbell/dp/1529074932/ref=zg_bs_books_sccl_83/258-0570336-2689444?psc=1,1529074932,4.8,4.80,4.80,4.80
Karin Slaughter,amazon.co.uk/After-That-Night-gripping-bestselling/dp/000849939X/ref=zg_bs_books_sccl_84/258-0570336-2689444?psc=1,000849939X,12.87,12.87,12.87,12.00
Cliff Richard,amazon.co.uk/Head-Full-Music-soundtrack-life/dp/1529907349/ref=zg_bs_books_sccl_85/258-0570336-2689444?psc=1,1529907349,999999.0,999999,999999,999999
"Spare: by Prince Harry, The Duke of Sussex",amazon.co.uk/Spare-Prince-Harry-Duke-Sussex/dp/0857504797/ref=zg_bs_books_sccl_86/258-0570336-2689444?psc=1,857504797,9.98,9.98,9.98,12.50
"Robodog: The incredibly funny new illustrated children’s book for 2023, from the multi-million bestselling author of SPACEBOY",amazon.co.uk/Robodog-incredibly-illustrated-multi-million-bestselling/dp/0008469555/ref=zg_bs_books_sccl_87/258-0570336-2689444?psc=1,8469555,7.66,7.66,7.66,7.30
"Again, Rachel: The No 1 Bestseller That Everyone Is Talking About 2023",amazon.co.uk/Again-Rachel-British-Awards-Author/dp/1405945397/ref=zg_bs_books_sccl_88/258-0570336-2689444?psc=1,1405945397,5.99,5.99,5.99,6.53
"The Ballad of Songbirds and Snakes: TikTok made me buy it! (the latest blockbuster, bestselling Hunger Games novel) (The Hunger Games)",amazon.co.uk/Ballad-Songbirds-Snakes-Hunger-Games/dp/0702309516/ref=zg_bs_books_sccl_89/258-0570336-2689444?psc=1,702309516,6.29,6.29,6.29,6.29
"No Plan B: The unputdownable new Jack Reacher thriller from the No.1 bestselling authors (Jack Reacher, 27)",amazon.co.uk/No-Plan-unputdownable-thriller-bestselling/dp/0552177547/ref=zg_bs_books_sccl_90/258-0570336-2689444?psc=1,552177547,6.05,6.05,6.05,6.02
"On the Farm: A Push, Pull, Slide Book (Campbell Axel Scheffler, 8)",amazon.co.uk/Axel-Scheffler-Farm/dp/1509866949/ref=zg_bs_books_sccl_91/258-0570336-2689444?psc=1,1509866949,5.05,4.88,4.88,4.89
Read Me When You Need Me.,amazon.co.uk/Read-When-You-Need-Me/dp/B0BMSZSG5Z/ref=zg_bs_books_sccl_92/258-0570336-2689444?psc=1,B0BMSZSG5Z,8.88,10.49 to £10.99,10.49 to £10.99,10.49
"Fast Like a Girl: A Woman’s Guide to Using the Healing Power of Fasting to Burn Fat, Boost Energy, and Balance Hormones",amazon.co.uk/Fast-Like-Girl-Healing-Hormones/dp/1401969925/ref=zg_bs_books_sccl_93/258-0570336-2689444?psc=1,1401969925,14.1,14.10,14.10,13.00
"Killing Moon: The Sunday Times Bestselling Thriller - Perfect Gift for Father’s Day (Harry Hole, 13)",amazon.co.uk/Killing-Moon-Must-Read-Thriller-Bestseller/dp/1787303780/ref=zg_bs_books_sccl_94/258-0570336-2689444?psc=1,1787303780,13.3,13.30,13.30,13.79
Landlines: The No 1 Sunday Times bestseller about a thousand-mile journey across Britain from the author of The Salt Path,amazon.co.uk/Landlines-remarkable-thousand-mile-million-copy-bestselling/dp/1405947780/ref=zg_bs_books_sccl_95/258-0570336-2689444?psc=1,1405947780,6.75,5.88,6.75,7.20
Still Life: The instant Sunday Times bestseller and BBC Between the Covers Book Club pick,amazon.co.uk/Still-Life-instant-bestseller-Between/dp/0008283397/ref=zg_bs_books_sccl_96/258-0570336-2689444?psc=1,8283397,8.66,8.66,8.66,5.33
"The Chimp Paradox: The Mind Management Programme to Help You Achieve Success, Confidence and Happiness: The Acclaimed Mind Management Programme to Help You Achieve Success, Confidence and Happiness",amazon.co.uk/Chimp-Paradox-Management-Programme-Confidence/dp/009193558X/ref=zg_bs_books_sccl_97/258-0570336-2689444?psc=1,009193558X,11.45,11.45,6.99,11.45
Reminders of Him: A Novel,amazon.co.uk/Reminders-Him-Novel-Colleen-Hoover/dp/1542025605/ref=zg_bs_books_sccl_98/258-0570336-2689444?psc=1,1542025605,7.45,7.45,7.45,7.52
A Little Life: The Million-Copy Bestseller,amazon.co.uk/Little-Life-Shortlisted-Booker-Prize/dp/1447294831/ref=zg_bs_books_sccl_99/258-0570336-2689444?psc=1,1447294831,6.22,9.35,9.35,9.35
The official DVSA theory test for car drivers,amazon.co.uk/official-theory-drivers-Driving-Skills/dp/0115536582/ref=zg_bs_books_sccl_100/258-0570336-2689444?psc=1,115536582,7.89,7.89,7.89,7.89
